Class,Manufacturer,carline name,displ,cyl,trans,drv,cty,hwy,cmb,ucty,uhwy,ucmb,fl,G,T,S,2pv,2lv,4pv,4lv,hpv,hlv,fcost,eng dscr,trans dscr
TWO SEATERS,ACURA,NSX,3.0,6,Auto(L4),R,18,24,20,19.8733,30.3612,23.5311,P,,,,,,,,,,1050,DOHC VTEC,2MODE CLKUP
TWO SEATERS,ACURA,NSX,3.2,6,Manual(M6),R,17,24,20,19.4,30.1295,23.1021,P,,,,,,,,,,1050,DOHC VTEC,
TWO SEATERS,ASTON MARTIN,DB7 COUPE,3.2,6,Auto(L4),R,14,20,16,15.6,26.2,19.0723,P,G,,S,,,,,,,1312,ASTON-DB7,CLKUP
TWO SEATERS,ASTON MARTIN,DB7 COUPE,3.2,6,Manual(M5),R,14,21,16,15,26.3,18.5953,P,G,,S,,,,,,,1312,ASTON-DB7,
TWO SEATERS,ASTON MARTIN,DB7 VOLANTE,3.2,6,Auto(L4),R,14,20,16,15.6,26.2,19.0723,P,G,,S,,,,,,,1312,ASTON-DB7,CLKUP
TWO SEATERS,ASTON MARTIN,DB7 VOLANTE,3.2,6,Manual(M5),R,14,21,16,15,26.3,18.5953,P,G,,S,,,,,,,1312,ASTON-DB7,
TWO SEATERS,BMW,M ROADSTER,3.2,6,Manual(M5),R,20,28,23,22.2,36,26.8278,R,,,,,,,,,,816,,
TWO SEATERS,BMW,Z3 ROADSTER,1.9,4,Auto(L4),R,22,31,26,24.966,39.1636,29.8327,R,,,,,,,,,,722,,
TWO SEATERS,BMW,Z3 ROADSTER,1.9,4,Manual(M5),R,23,32,26,25.7315,41.0884,30.9343,R,,,,,,,,,,722,,
TWO SEATERS,BMW,Z3 ROADSTER,2.8,6,Auto(L4),R,18,24,20,20.1,31.2,23.9313,R,,,,,,,,,,938,,
TWO SEATERS,BMW,Z3 ROADSTER,2.8,6,Manual(M5),R,19,26,21,20.6,33.2,24.8427,R,,,,,,,,,,892,,
TWO SEATERS,CHEVROLET,CORVETTE,5.7,8,Auto(L4),R,17,25,20,18.6,31.7776,22.8672,P,,,,,,,,,,1050,,CLKUP
TWO SEATERS,CHEVROLET,CORVETTE,5.7,8,Manual(M6),R,18,27,21,19.8564,34.8859,24.6317,P,,,,,,,,,,1000,,
TWO SEATERS,DODGE,VIPER CONVERTIBLE,8.0,10,Manual(M6),R,12,21,15,12.9514,27.0565,16.9209,P,G,,,,,,,,,1401,,
TWO SEATERS,DODGE,VIPER COUPE,8.0,10,Manual(M6),R,12,21,15,12.9514,27.0565,16.9209,P,G,,,,,,,,,1401,,
TWO SEATERS,FERRARI,FERRARI 550 MARANELLO,5.5,12,Manual(M6),R,9,15,11,10.1,18.9,12.7771,P,G,,,,,,,,,1909,,
TWO SEATERS,FERRARI,FERRARI F355/355 F1,3.5,8,Auto(A6),R,10,14,11,10.9991,17.9728,13.3259,P,G,,,,,,,,,1909,,3MODE
TWO SEATERS,FERRARI,FERRARI F355/355 F1,3.5,8,Manual(M6),R,10,15,12,11.1,19.6,13.7914,P,G,,,,,,,,,1749,,
TWO SEATERS,LAMBORGHINI,DB132/144 DIABLO,5.7,12,Manual(M5),4,10,13,11,10.9,17.3,13.077,P,G,,,,,,,,,1909,,
TWO SEATERS,LOTUS,98 ESRIT V8,3.5,8,Manual(M5),R,15,23,18,17.2,29.5,21.1725,P,G,T,,,,,,,,1168,V8,
TWO SEATERS,MERCEDES-BENZ,SL500,5.0,8,Auto(L5),R,16,23,18,17.4,29.4,21.315,P,G,,,50,8,,,,,1168,,EMS 2MODE CLKUP
TWO SEATERS,MERCEDES-BENZ,SL600,6.0,12,Auto(L5),R,14,20,16,15,25.3,18.3644,P,G,,,50,8,,,,,1312,,EMS 2MODE CLKUP
TWO SEATERS,PORSCHE,BOXSTER,2.5,6,Auto(A5),R,17,24,19,18.3899,30.623,22.4202,P,,,,,,,,,,1105,,2MODE
TWO SEATERS,PORSCHE,BOXSTER,2.5,6,Manual(M5),R,19,26,22,21.2,33.9499,25.5114,P,,,,,,,,,,956,,
TWO SEATERS,SUZUKI,X-90 4WD,1.6,4,Auto(L4),4,23,27,25,25.8657,34.874,29.2678,R,,,,,,,,,,750,,2MODE 2LKUP
TWO SEATERS,SUZUKI,X-90 4WD,1.6,4,Manual(M5),4,25,28,26,27.5634,35.8814,30.7737,R,,,,,,,,,,722,,
TWO SEATERS,SUZUKI,X-90 RWD,1.6,4,Auto(L4),R,23,27,25,25.8641,34.8807,29.2688,R,,,,,,,,,,750,,2MODE 2LKUP
TWO SEATERS,SUZUKI,X-90 RWD,1.6,4,Manual(M5),R,25,28,26,27.6179,35.9288,30.8267,R,,,,,,,,,,722,,
MINICOMPACT CARS,AUDI,CABRIOLET,2.8,6,Auto(L4),F,19,24,21,21,30.7,24.4807,P,,,,71,7,,,,,1000,,CLKUP
MINICOMPACT CARS,BMW,323I CONVERTIBLE,2.5,6,Auto(L4),R,19,27,22,20.8956,34.6788,25.4468,R,,,,74,9,,,,,853,,
MINICOMPACT CARS,BMW,323I CONVERTIBLE,2.5,6,Manual(M5),R,20,30,24,22.4856,38.3202,27.6218,R,,,,74,9,,,,,782,,
MINICOMPACT CARS,BMW,328I CONVERTIBLE,2.8,6,Auto(L4),R,18,26,21,20.4924,33.4147,24.81,R,,,,74,9,,,,,892,,
MINICOMPACT CARS,BMW,328I CONVERTIBLE,2.8,6,Manual(M5),R,20,28,23,21.821,36.5059,26.644,R,,,,74,9,,,,,816,,
MINICOMPACT CARS,BMW,M3 CONVERTIBLE,3.2,6,Auto(L5),R,17,25,20,19.2,32.1,23.4387,R,,,,,,74,9,,,938,,
MINICOMPACT CARS,BMW,M3 CONVERTIBLE,3.2,6,Manual(M5),R,20,28,23,22.2,36,26.8278,R,,,,,,74,9,,,816,,
MINICOMPACT CARS,JAGUAR,JAGUAR XK8 CONVERTIBLE,4.0,8,Auto(L5),R,17,24,19,18.8157,30.6253,22.7663,P,,,,70,10,,,,,1105,,EMS 2MODE
MINICOMPACT CARS,MITSUBISHI,MITSUBISHI ECLIPSE CONVERT.,2.0,4,Auto(L4),F,20,26,22,22.3,34,26.3859,P,,T,,,,,,74,5,914,DOHC-T/C,
MINICOMPACT CARS,MITSUBISHI,MITSUBISHI ECLIPSE CONVERT.,2.0,4,Manual(M5),F,23,31,26,25.5,40.1,30.4966,P,,T,,,,,,74,5,808,DOHC-T/C,
MINICOMPACT CARS,MITSUBISHI,MITSUBISHI ECLIPSE CONVERT.,2.3,4,Auto(L4),F,21,28,23,22.7922,36.0357,27.3085,R,,,,,,,,74,5,816,SOHC,
MINICOMPACT CARS,MITSUBISHI,MITSUBISHI ECLIPSE CONVERT.,2.3,4,Manual(M5),F,22,30,25,24.375,38.0046,29.0657,R,,,,,,,,74,5,750,SOHC,
MINICOMPACT CARS,NISSAN,240SX,2.4,4,Auto(L4),R,21,27,23,23.7006,34.0476,27.4552,P,,,,71,9,,,,,914,,CLKUP
MINICOMPACT CARS,NISSAN,240SX,2.4,4,Manual(M5),R,22,28,24,24.7,35.4,28.5885,P,,,,71,9,,,,,876,,
MINICOMPACT CARS,PORSCHE,911 CARRERA 4/2,3.6,6,Auto(A4),R,17,24,19,18.4462,30.3344,22.3959,P,,,,55,4,,,,,1105,,2MODE
MINICOMPACT CARS,PORSCHE,911 CARRERA 4/2,3.6,6,Manual(M6),R,17,25,20,18.5499,31.9,22.8538,P,,,,55,4,,,,,1050,,
MINICOMPACT CARS,PORSCHE,911 CARRERA 4/2,3.6,6,Manual(M6),4,16,23,18,17.8157,29.1335,21.59,P,G,,,55,4,,,,,1168,,
MINICOMPACT CARS,TOYOTA,CELICA CONVERTIBLE,2.2,4,Auto(L4),F,23,30,26,25.4839,38.3624,30.0188,R,,,,67,7,,,,,722,,CLKUP
MINICOMPACT CARS,TOYOTA,CELICA CONVERTIBLE,2.2,4,Manual(M5),F,22,28,24,24.342,35.6032,28.3816,R,,,,67,7,,,,,782,,
MINICOMPACT CARS,TOYOTA,PASEO,1.5,4,Auto(L4),F,27,32,29,29.7476,40.7848,33.8726,R,,,,74,8,,,,,647,,CLKUP
MINICOMPACT CARS,TOYOTA,PASEO,1.5,4,Manual(M5),F,29,35,32,32.3167,44.9583,36.9982,R,,,,74,8,,,,,585,,
MINICOMPACT CARS,TOYOTA,PASEO CONVERTIBLE,1.5,4,Auto(L4),F,27,32,29,29.7476,40.7848,33.8726,R,,,,64,7,,,,,647,,CLKUP
MINICOMPACT CARS,TOYOTA,PASEO CONVERTIBLE,1.5,4,Manual(M5),F,29,34,31,31.9,44.2,36.4666,R,,,,64,7,,,,,606,,
MINICOMPACT CARS,TOYOTA,SUPRA,3.0,6,Auto(L4),R,19,24,21,20.8995,31.2,24.5462,P,,,,,,,,69,10,1000,,CLKUP
MINICOMPACT CARS,TOYOTA,SUPRA,3.0,6,Auto(L4),R,18,23,20,20.1,29.5,23.4646,P,,T,,,,,,69,10,1050,,
MINICOMPACT CARS,TOYOTA,SUPRA,3.0,6,Manual(M6),R,17,24,19,18.5337,30.8528,22.5932,P,,T,,,,,,69,10,1105,,
SUBCOMPACT CARS,ACURA,2.3CL/3.0CL,2.3,4,Auto(L4),F,22,30,25,24.5,37.9,29.1356,R,,,,85,12,,,,,750,SOHC VTEC,CLKUP
SUBCOMPACT CARS,ACURA,2.3CL/3.0CL,2.3,4,Manual(M5),F,24,31,27,27.1,40.2,31.7569,R,,,,85,12,,,,,694,SOHC VTEC,
SUBCOMPACT CARS,ACURA,2.3CL/3.0CL,3.0,6,Auto(L4),F,20,28,23,21.7329,35.8658,26.4173,R,,,,85,12,,,,,816,V6,CLKUP
SUBCOMPACT CARS,ACURA,INTEGRA,1.8,4,Auto(L4),F,24,31,27,26.7776,40.2978,31.5393,R,,,,,,83,12,77,13,694,DOHC,CLKUP
SUBCOMPACT CARS,ACURA,INTEGRA,1.8,4,Manual(M5),F,25,31,28,27.8144,40.1853,32.2872,R,,,,,,83,12,77,13,669,DOHC,
SUBCOMPACT CARS,ACURA,INTEGRA,1.8,4,Manual(M5),F,25,31,27,28.1393,39.1155,32.2061,P,,,,,,83,12,77,13,777,DOHC-VTEC,
SUBCOMPACT CARS,BENTLEY,BENTLEY AZURE,6.7,8,Auto(L4),R,11,16,13,12.3,20,14.8775,P,G,T,,82,7,,,,,1615,L410MT2,EMS 2MODE CLKUP
SUBCOMPACT CARS,BENTLEY,BENTLEY CONTINENTAL SC,6.7,8,Auto(L4),R,11,16,13,12.3,20,14.8775,P,G,T,,85,11,,,,,1615,L410MT2,EMS 2MODE CLKUP
SUBCOMPACT CARS,BENTLEY,BENTLEY CONTINENTAL T,6.7,8,Auto(L4),R,11,16,13,12.3846,20.3127,15.0232,P,G,T,,85,12,,,,,1615,L410MT2,EMS 2MODE CLKUP
SUBCOMPACT CARS,BMW,"318I, 318IS",1.9,4,Auto(L4),R,22,31,25,24.3,39.7,29.4388,R,,,,82,9,86,10,,,750,,
SUBCOMPACT CARS,BMW,"318I, 318IS",1.9,4,Manual(M5),R,23,32,26,25.7315,41.0884,30.9343,R,,,,82,9,86,10,,,722,,
SUBCOMPACT CARS,BMW,323IS,2.5,6,Auto(L4),R,19,27,22,20.8956,34.6788,25.4468,R,,,,82,9,,,,,853,,
SUBCOMPACT CARS,BMW,323IS,2.5,6,Manual(M5),R,20,30,24,22.4856,38.3202,27.6218,R,,,,82,9,,,,,782,,
SUBCOMPACT CARS,BMW,"328I, 328IS",2.8,6,Auto(L4),R,18,26,21,20.4924,33.4147,24.81,R,,,,82,9,86,10,,,892,,
SUBCOMPACT CARS,BMW,"328I, 328IS",2.8,6,Manual(M5),R,20,28,23,21.821,36.5059,26.644,R,,,,82,9,86,10,,,816,,
SUBCOMPACT CARS,BMW,M3,3.2,6,Auto(L5),R,19,28,22,20.9,36.1,25.7857,R,,,,82,9,86,10,,,853,,
SUBCOMPACT CARS,BMW,M3,3.2,6,Manual(M5),R,20,28,23,22.2,36,26.8278,R,,,,82,9,86,10,,,816,,
SUBCOMPACT CARS,CHEVROLET,CAMARO,3.8,6,Auto(L4),R,19,29,22,21.0253,36.917,26.0767,R,,,,,,,,82,13,853,,CLKUP
SUBCOMPACT CARS,CHEVROLET,CAMARO,3.8,6,Manual(M5),R,19,30,23,21.3884,38.8496,26.8111,R,,,,,,,,82,13,816,,
SUBCOMPACT CARS,CHEVROLET,CAMARO,5.7,8,Auto(L4),R,17,25,20,18.7041,31.6751,22.9294,P,,,,,,,,82,13,1050,,CLKUP
SUBCOMPACT CARS,CHEVROLET,CAMARO,5.7,8,Manual(M6),R,18,27,21,19.7868,34.7615,24.5449,P,,,,,,,,82,13,1000,,
SUBCOMPACT CARS,CHEVROLET,CAVALIER,2.2,4,Auto(A3),F,23,29,26,25.8,37.5,30.014,R,,,,85,12,92,14,,,722,,
SUBCOMPACT CARS,CHEVROLET,CAVALIER,2.2,4,Auto(L4),F,23,31,26,25.7028,39.7888,30.5734,R,,,,85,12,92,14,,,722,,CLKUP
SUBCOMPACT CARS,CHEVROLET,CAVALIER,2.2,4,Manual(M5),F,24,34,28,26.6,43.6,32.2604,R,,,,85,12,92,14,,,669,,SIL
SUBCOMPACT CARS,CHEVROLET,CAVALIER,2.4,4,Auto(L4),F,22,32,26,24.6254,41.5008,30.1406,R,,,,85,12,92,14,,,722,,CLKUP
SUBCOMPACT CARS,CHEVROLET,CAVALIER,2.4,4,Manual(M5),F,23,33,26,25.1,42.5,30.7687,R,,,,85,12,92,14,,,722,,SIL
SUBCOMPACT CARS,CHEVROLET,METRO,1.0,3,Manual(M5),F,44,49,46,48.9244,63.1646,54.4482,R,,,,,,82,10,81,8,407,,SIL
SUBCOMPACT CARS,CHEVROLET,METRO,1.3,4,Auto(A3),F,30,34,32,33.4745,44.0837,37.54,R,,,,,,82,10,81,8,585,,
SUBCOMPACT CARS,CHEVROLET,METRO,1.3,4,Manual(M5),F,39,43,41,43.2225,54.9276,47.8069,R,,,,,,82,10,81,8,458,,SIL
SUBCOMPACT CARS,EAGLE,EAGLE TALON,2.0,4,Auto(L4),F,21,30,24,23.0639,38.9952,28.2593,R,,,,,,,,79,15,782,DOHC,
SUBCOMPACT CARS,EAGLE,EAGLE TALON,2.0,4,Auto(L4),F,20,27,23,22.5,34.2,26.5941,P,,T,,,,,,79,15,914,DOHC-T/C,
SUBCOMPACT CARS,EAGLE,EAGLE TALON,2.0,4,Auto(L4),4,19,25,21,21.3,31.8,25.0172,P,,T,,,,,,79,15,1000,DOHC-T/C,
SUBCOMPACT CARS,EAGLE,EAGLE TALON,2.0,4,Auto(L4),F,21,30,24,23.0864,39.0532,28.2916,R,,,,,,,,79,15,782,DOHC,
SUBCOMPACT CARS,EAGLE,EAGLE TALON,2.0,4,Auto(L4),F,20,27,23,22.5,34.2,26.5941,P,,T,,,,,,79,15,914,DOHC-T/C,
SUBCOMPACT CARS,EAGLE,EAGLE TALON,2.0,4,Auto(L4),4,19,25,21,21.3,31.8,25.0172,P,,T,,,,,,79,15,1000,DOHC-T/C,
SUBCOMPACT CARS,EAGLE,EAGLE TALON,2.0,4,Manual(M5),F,23,33,26,25.2823,42.7594,30.9805,R,,,,,,,,79,15,694,DOHC,
SUBCOMPACT CARS,EAGLE,EAGLE TALON,2.0,4,Manual(M5),F,23,31,26,25.7,40.2,30.6797,P,,T,,,,,,79,15,808,DOHC-T/C,
SUBCOMPACT CARS,EAGLE,EAGLE TALON,2.0,4,Manual(M5),4,21,28,24,23.7,35.6,27.8962,P,,T,,,,,,79,15,876,DOHC-T/C,
SUBCOMPACT CARS,EAGLE,EAGLE TALON,2.0,4,Manual(M5),F,23,33,26,25.0045,42.1509,30.6073,R,,,,,,,,79,15,722,DOHC,
SUBCOMPACT CARS,EAGLE,EAGLE TALON,2.0,4,Manual(M5),F,23,31,26,25.7,40.2,30.6797,P,,T,,,,,,79,15,808,DOHC-T/C,
SUBCOMPACT CARS,EAGLE,EAGLE TALON,2.0,4,Manual(M5),4,21,28,24,23.7,35.6,27.8962,P,,T,,,,,,79,15,876,DOHC-T/C,
SUBCOMPACT CARS,FERRARI,FERRARI 456 GT/GTA,5.5,12,Auto(L4),R,10,15,11,10.6991,19.1,13.3393,P,G,,,87,7,,,,,1909,,CLKUP
SUBCOMPACT CARS,FERRARI,FERRARI 456 GT/GTA,5.5,12,Manual(M6),R,10,16,12,10.9,20.6,13.8306,P,G,,,87,7,,,,,1749,,
SUBCOMPACT CARS,FORD,ESCORT ZX2,2.0,4,Auto(L4),F,25,33,28,27.9229,42.5144,33.0232,R,,,,81,12,,,,,669,4V,CLKUP
SUBCOMPACT CARS,FORD,ESCORT ZX2,2.0,4,Manual(M5),F,26,33,29,28.5139,42.3518,33.429,R,,,,81,12,,,,,647,4V,
SUBCOMPACT CARS,FORD,MUSTANG,3.8,6,Auto(L4),R,19,28,22,21.1338,35.9473,25.9451,R,,,,83,11,,,,,853,,CLKUP
SUBCOMPACT CARS,FORD,MUSTANG,3.8,6,Manual(M5),R,20,29,24,22.5829,37.4137,27.4858,R,,,,83,11,,,,,782,,
SUBCOMPACT CARS,FORD,MUSTANG,4.6,8,Auto(L4),R,17,24,20,18.9355,30.8113,22.909,R,,,,83,11,,,,,938,,CLKUP
SUBCOMPACT CARS,FORD,MUSTANG,4.6,8,Manual(M5),R,17,26,20,19.317,33.2959,23.8166,P,,,,83,11,,,,,1050,4V,
SUBCOMPACT CARS,FORD,MUSTANG,4.6,8,Manual(M5),R,17,25,20,18.7317,32.4813,23.1395,R,,,,83,11,,,,,938,,
SUBCOMPACT CARS,HONDA,CIVIC,1.6,4,Auto(L4),F,29,36,32,31.9365,45.9531,37.0174,R,,,,85,12,90,9,86,13,585,SOHC,CLKUP
SUBCOMPACT CARS,HONDA,CIVIC,1.6,4,Auto(L4),F,28,34,30,30.8,43.8,35.5478,C,,,,85,12,90,9,86,13,400,CNG,CLKUP
SUBCOMPACT CARS,HONDA,CIVIC,1.6,4,Auto(L4),F,28,35,30,30.6,44.6,35.6334,R,,,,85,12,90,9,86,13,624,SOHC-VTEC,CLKUP
SUBCOMPACT CARS,HONDA,CIVIC,1.6,4,Manual(M5),F,32,37,34,35.5383,47.7721,40.1671,R,,,,85,12,90,9,86,13,551,SOHC,
SUBCOMPACT CARS,HONDA,CIVIC,1.6,4,Manual(M5),F,30,35,32,32.8,45,37.3576,R,,,,85,12,90,9,86,13,585,SOHC-VTEC,
SUBCOMPACT CARS,HONDA,CIVIC HX,1.6,4,Auto(AV),F,34,39,36,38.0242,49.4123,42.4241,R,,,,85,12,,,,,521,VTEC-E,
SUBCOMPACT CARS,HONDA,CIVIC HX,1.6,4,Manual(M5),F,36,44,39,39.6472,55.8537,45.6015,R,,,,85,12,,,,,480,VTEC-E,
SUBCOMPACT CARS,HONDA,PRELUDE,2.2,4,Auto(L4),F,21,27,24,23.7794,34.8465,27.7446,P,,,,78,9,,,,,876,DOHC-VTEC,2MODE CLKUP
SUBCOMPACT CARS,HONDA,PRELUDE,2.2,4,Manual(M5),F,23,27,24,25.0392,34.1086,28.4425,P,,,,78,9,,,,,876,DOHC-VTEC,
SUBCOMPACT CARS,HYUNDAI,TIBURON,2.0,4,Auto(L4),F,22,29,25,24.8,37.6483,29.2996,R,,,,80,13,,,,,750,,2MODE CLKUP
SUBCOMPACT CARS,HYUNDAI,TIBURON,2.0,4,Manual(M5),F,22,31,25,24.6751,39.4556,29.6781,R,,,,80,13,,,,,750,,
SUBCOMPACT CARS,JAGUAR,JAGUAR XK8,4.0,8,Auto(L5),R,17,25,20,19.3979,31.6987,23.5019,P,,,,75,11,,,,,1050,,EMS 2MODE
SUBCOMPACT CARS,LEXUS,SC 300/SC 400,3.0,6,Auto(L4),R,19,24,21,20.8228,30.3997,24.2623,P,,,,85,9,,,,,1000,,2MODE CLKUP
SUBCOMPACT CARS,LEXUS,SC 300/SC 400,4.0,8,Auto(L5),R,19,25,21,20.6326,31.896,24.5307,P,,,,85,9,,,,,1000,,2MODE 2LKUP
SUBCOMPACT CARS,MERCEDES-BENZ,CLK320,3.2,6,Auto(L5),R,21,29,24,23.3,37.5,28.0858,P,,,,81,11,,,,,876,,EMS 2MODE CLKUP
SUBCOMPACT CARS,MITSUBISHI,MITSUBISHI 3000GT,3.0,6,Auto(L4),F,18,23,20,20.4,29.6499,23.7316,R,,,,,,,,82,11,938,SOHC,2MODE
SUBCOMPACT CARS,MITSUBISHI,MITSUBISHI 3000GT,3.0,6,Auto(L4),F,18,24,20,19.9,30.8,23.6694,R,,,,,,,,82,11,938,DOHC,2MODE
SUBCOMPACT CARS,MITSUBISHI,MITSUBISHI 3000GT,3.0,6,Manual(M5),F,19,24,21,20.9,31.1,24.5187,R,,,,,,,,82,11,892,SOHC,
SUBCOMPACT CARS,MITSUBISHI,MITSUBISHI 3000GT,3.0,6,Manual(M5),F,19,25,21,21.2,31.7,24.9134,R,,,,,,,,82,11,892,DOHC,
SUBCOMPACT CARS,MITSUBISHI,MITSUBISHI 3000GT,3.0,6,Manual(M6),4,18,24,20,19.6,31.2,23.5381,P,,T,,,,,,82,11,1050,DOHC-T/C,
SUBCOMPACT CARS,MITSUBISHI,MITSUBISHI 3000GT SPYDER,3.0,6,Auto(L4),F,18,23,20,19.7468,30.0433,23.3476,R,,,,,,,,84,4,938,DOHC,2MODE
SUBCOMPACT CARS,MITSUBISHI,MITSUBISHI 3000GT SPYDER,3.0,6,Manual(M6),4,17,25,20,18.9,31.4499,23.0367,P,,T,,,,,,84,4,1050,DOHC-T/C,
SUBCOMPACT CARS,MITSUBISHI,MITSUBISHI ECLIPSE,2.0,4,Auto(L4),F,21,30,24,23.0246,38.9003,28.2044,R,,,,,,,,79,15,782,DOHC,
SUBCOMPACT CARS,MITSUBISHI,MITSUBISHI ECLIPSE,2.0,4,Auto(L4),4,19,25,21,21.3,31.8,25.0172,P,,T,,,,,,79,15,1000,DOHC-T/C,
SUBCOMPACT CARS,MITSUBISHI,MITSUBISHI ECLIPSE,2.0,4,Auto(L4),F,20,27,23,22.5,34.2,26.5941,P,,T,,,,,,79,15,914,DOHC-T/C,
SUBCOMPACT CARS,MITSUBISHI,MITSUBISHI ECLIPSE,2.0,4,Manual(M5),F,23,33,26,25.0045,42.1509,30.6073,R,,,,,,,,79,15,722,DOHC,
SUBCOMPACT CARS,MITSUBISHI,MITSUBISHI ECLIPSE,2.0,4,Manual(M5),F,23,31,26,25.7,40.2,30.6797,P,,T,,,,,,79,15,808,DOHC-T/C,
SUBCOMPACT CARS,MITSUBISHI,MITSUBISHI ECLIPSE,2.0,4,Manual(M5),4,21,28,24,23.7,35.6,27.8962,P,,T,,,,,,79,15,876,DOHC-T/C,
SUBCOMPACT CARS,MITSUBISHI,MITSUBISHI MIRAGE,1.5,4,Auto(L4),F,28,36,31,31.638,45.6975,36.7222,R,,,,86,11,91,11,,,606,SOHC,
SUBCOMPACT CARS,MITSUBISHI,MITSUBISHI MIRAGE,1.5,4,Manual(M5),F,33,40,36,36.7923,51.4087,42.1902,R,,,,86,11,91,11,,,521,SOHC,
SUBCOMPACT CARS,MITSUBISHI,MITSUBISHI MIRAGE,1.8,4,Auto(L4),F,26,33,29,28.8911,42.1686,33.6604,R,,,,86,11,91,11,,,647,SOHC,
SUBCOMPACT CARS,MITSUBISHI,MITSUBISHI MIRAGE,1.8,4,Manual(M5),F,29,36,32,31.6779,46.7048,37.0408,R,,,,86,11,91,11,,,585,SOHC,
SUBCOMPACT CARS,NISSAN,SENTRA/200SX,1.6,4,Auto(L4),F,27,36,30,29.7,46.1387,35.371,R,,,,84,10,87,11,,,624,,CLKUP
SUBCOMPACT CARS,NISSAN,SENTRA/200SX,1.6,4,Manual(M5),F,29,39,33,32.5205,49.4613,38.4461,R,,,,84,10,87,11,,,568,,
SUBCOMPACT CARS,NISSAN,SENTRA/200SX,2.0,4,Auto(L4),F,23,30,26,25.5499,37.9,29.9403,R,,,,84,10,87,11,,,722,,CLKUP
SUBCOMPACT CARS,NISSAN,SENTRA/200SX,2.0,4,Manual(M5),F,23,31,26,25.2532,39.1535,30.0547,R,,,,84,10,87,11,,,722,,
SUBCOMPACT CARS,PONTIAC,FIREBIRD/FORMULA,3.8,6,Auto(L4),R,19,29,22,21.0196,36.9132,26.071,R,,,,,,,,84,13,853,,CLKUP
SUBCOMPACT CARS,PONTIAC,FIREBIRD/FORMULA,3.8,6,Manual(M5),R,19,30,23,21.3803,38.8143,26.7965,R,,,,,,,,84,13,816,,
SUBCOMPACT CARS,PONTIAC,FIREBIRD/FORMULA,5.7,8,Auto(L4),R,18,24,20,19.4585,30.9828,23.3702,P,,,,,,,,84,13,1050,,CLKUP
SUBCOMPACT CARS,PONTIAC,FIREBIRD/FORMULA,5.7,8,Manual(M6),R,17,26,21,19.2652,33.8297,23.8944,P,,,,,,,,84,13,1000,,
SUBCOMPACT CARS,PONTIAC,SUNFIRE,2.2,4,Auto(A3),F,23,29,26,25.8,37.5,30.014,R,,,,85,11,92,13,,,722,,
SUBCOMPACT CARS,PONTIAC,SUNFIRE,2.2,4,Auto(L4),F,23,31,26,25.7028,39.7888,30.5734,R,,,,85,11,92,13,,,722,,CLKUP
SUBCOMPACT CARS,PONTIAC,SUNFIRE,2.2,4,Manual(M5),F,24,34,28,26.6,43.6,32.2604,R,,,,85,11,92,13,,,669,,SIL
SUBCOMPACT CARS,PONTIAC,SUNFIRE,2.4,4,Auto(L4),F,22,32,26,24.5052,41.5,30.0412,R,,,,85,11,92,13,,,722,,CLKUP
SUBCOMPACT CARS,PONTIAC,SUNFIRE,2.4,4,Manual(M5),F,23,33,26,25.1,42.5,30.7687,R,,,,85,11,92,13,,,722,,SIL
SUBCOMPACT CARS,SAAB,SAAB 900 CONVERTIBLE,2.0,4,Auto(L4),F,19,24,21,20.8,31.3,24.4982,R,,T,,80,13,,,,,892,B204L3,2MODE
SUBCOMPACT CARS,SAAB,SAAB 900 CONVERTIBLE,2.0,4,Manual(M5),F,22,28,24,24.6,35.7,28.6019,R,,,,80,13,,,,,782,B234I3,SIL
SUBCOMPACT CARS,SAAB,SAAB 900 CONVERTIBLE,2.0,4,Manual(M5),F,20,27,23,22.4,35.1,26.7565,R,,T,,80,13,,,,,816,B2O4L3,SIL
SUBCOMPACT CARS,SAAB,SAAB 900 CONVERTIBLE,2.3,4,Auto(L4),F,20,26,22,22.4,33.6,26.3529,R,,,,80,13,,,,,853,B234I3,2MODE
SUBCOMPACT CARS,SATURN,SC,1.9,4,Auto(L4),F,24,34,28,27.1548,43.2237,32.6102,R,,,,84,11,,,,,669,,CLKUP
SUBCOMPACT CARS,SATURN,SC,1.9,4,Auto(L4),F,27,37,31,29.9659,47.4712,35.9277,R,,,,84,11,,,,,606,,CLKUP
SUBCOMPACT CARS,SATURN,SC,1.9,4,Manual(M5),F,26,36,30,28.6986,46.0497,34.5582,R,,,,84,11,,,,,624,,SIL
SUBCOMPACT CARS,SATURN,SC,1.9,4,Manual(M5),F,28,39,32,31.1987,50.3379,37.6385,R,,,,84,11,,,,,585,,SIL
SUBCOMPACT CARS,SUBARU,IMPREZA AWD,2.2,4,Auto(L4),4,23,30,26,25.823,37.8344,30.127,R,,,,84,11,84,11,,,722,,
SUBCOMPACT CARS,SUBARU,IMPREZA AWD,2.2,4,Manual(M5),4,23,30,25,25.0748,37.8826,29.5743,R,,,,84,11,84,11,,,750,,
SUBCOMPACT CARS,SUBARU,IMPREZA AWD,2.5,4,Auto(L4),4,22,28,24,23.9,35.285,27.9597,R,,,,84,11,84,11,,,782,,
SUBCOMPACT CARS,SUBARU,IMPREZA AWD,2.5,4,Manual(M5),4,22,28,24,23.9,35.8,28.1038,R,,,,84,11,84,11,,,782,,
SUBCOMPACT CARS,SUZUKI,ESTEEM,1.6,4,Auto(L4),F,27,34,30,30.2,43.4,34.9888,R,,,,,,86,12,,,624,,
SUBCOMPACT CARS,SUZUKI,ESTEEM,1.6,4,Manual(M5),F,30,37,33,33.6,47.1,38.5755,R,,,,,,86,12,,,568,,
SUBCOMPACT CARS,SUZUKI,SWIFT,1.3,4,Auto(A3),F,30,34,32,33.4745,44.0837,37.54,R,,,,,,82,10,81,8,585,,
SUBCOMPACT CARS,SUZUKI,SWIFT,1.3,4,Manual(M5),F,39,43,41,43.2225,54.9276,47.8069,R,,,,,,82,10,81,8,458,,SIL
SUBCOMPACT CARS,TOYOTA,CELICA,2.2,4,Auto(L4),F,22,28,24,24.3524,36.5175,28.6469,R,,,,78,10,,,77,16,782,,CLKUP
SUBCOMPACT CARS,TOYOTA,CELICA,2.2,4,Manual(M5),F,22,28,24,24.342,35.6032,28.3816,R,,,,78,10,,,77,16,782,,
SUBCOMPACT CARS,TOYOTA,TERCEL,1.5,4,Auto(L3),F,29,33,31,32.7,42.2,36.386,R,,,,81,9,80,9,,,606,,
SUBCOMPACT CARS,TOYOTA,TERCEL,1.5,4,Auto(L4),F,30,37,33,32.9,47.7,38.239,R,,,,81,9,80,9,,,568,,
SUBCOMPACT CARS,TOYOTA,TERCEL,1.5,4,Manual(M5),F,31,39,34,34.6841,49.3858,40.0491,R,,,,81,9,80,9,,,551,,
SUBCOMPACT CARS,VOLKSWAGEN,CABRIO,2.0,4,Auto(L4),F,22,29,24,24.1323,36.5449,28.4863,R,,,,82,8,,,,,782,,CLKUP
SUBCOMPACT CARS,VOLKSWAGEN,CABRIO,2.0,4,Manual(M5),F,24,31,26,26.121,39.7864,30.8963,R,,,,82,8,,,,,722,,
SUBCOMPACT CARS,VOLKSWAGEN,NEW BEETLE,1.9,4,Auto(L4),F,34,44,38,38.1,55.9,44.4725,D,,T,,,,,,87,12,473,,CLKUP
SUBCOMPACT CARS,VOLKSWAGEN,NEW BEETLE,1.9,4,Manual(M5),F,41,48,44,45.4,62,51.6193,D,,T,,,,,,87,12,409,,
SUBCOMPACT CARS,VOLKSWAGEN,NEW BEETLE,2.0,4,Auto(L4),F,22,27,24,23.9,34.1,27.6174,R,,,,,,,,87,12,782,,CLKUP
SUBCOMPACT CARS,VOLKSWAGEN,NEW BEETLE,2.0,4,Manual(M5),F,23,29,26,25.8,37.7,30.0714,R,,,,,,,,87,12,722,,
SUBCOMPACT CARS,VOLVO,C70 CONVERTIBLE,2.3,5,Auto(L4),F,18,25,21,20.1633,32.5155,24.3209,P,,T,,88,8,,,,,1000,,2MODE CLKUP
SUBCOMPACT CARS,VOLVO,C70 CONVERTIBLE,2.3,5,Manual(M5),F,18,26,21,20.5468,32.7487,24.6858,P,,T,,88,8,,,,,1000,,
SUBCOMPACT CARS,VOLVO,C70 CONVERTIBLE,2.4,5,Auto(L4),F,19,26,21,20.7429,32.73,24.8361,P,,T,,88,8,,,,,1000,,2MODE CLKUP
COMPACT CARS,ACURA,2.5TL/3.2TL,2.5,5,Auto(L4),F,20,25,22,21.8,32.1,25.479,P,,,,,,92,14,,,956,SOHC L-5,CLKUP
COMPACT CARS,ACURA,2.5TL/3.2TL,3.2,6,Auto(L4),F,19,24,21,20.7,30.3,24.142,P,,,,,,92,14,,,1000,SOHC V-6,CLKUP
COMPACT CARS,AUDI,A4,1.8,4,Auto(L5),F,21,31,24,22.9593,40.0868,28.4244,P,,T,,,,88,14,,,876,,CLKUP
COMPACT CARS,AUDI,A4,1.8,4,Manual(M5),F,23,32,26,25.5,40.7,30.6512,P,,T,,,,88,14,,,808,,
COMPACT CARS,AUDI,A4,2.8,6,Auto(L5),F,18,29,22,20.1794,37.4496,25.4636,P,,,,,,88,14,,,956,,CLKUP
COMPACT CARS,AUDI,A4,2.8,6,Manual(M5),F,20,29,23,22.4,37.4,27.3331,P,,,,,,88,14,,,914,,
COMPACT CARS,AUDI,A4 QUATTRO,1.8,4,Auto(L5),4,19,27,22,21.5471,35.1984,26.1027,P,,T,,,,88,14,,,956,,CLKUP
COMPACT CARS,AUDI,A4 QUATTRO,1.8,4,Manual(M5),4,21,29,24,23.7,37.4,28.3778,P,,T,,,,88,14,,,876,,
COMPACT CARS,AUDI,A4 QUATTRO,2.8,6,Auto(L5),4,17,27,21,19.4283,34.9482,24.2804,P,,,,,,88,14,,,1000,,CLKUP
COMPACT CARS,AUDI,A4 QUATTRO,2.8,6,Manual(M5),4,19,27,22,21.3655,34.2658,25.7234,P,,,,,,88,14,,,956,,
COMPACT CARS,BENTLEY,BENTLEY CONTINENTAL R,6.7,8,Auto(L4),R,11,16,13,12.3846,20.3127,15.0232,P,G,T,,89,12,,,,,1615,L410MT2,EMS 2MODE CLKUP
COMPACT CARS,BMW,318TI,1.9,4,Auto(L4),R,22,31,26,24.966,39.1636,29.8327,R,,,,,,,,87,15,722,,
COMPACT CARS,BMW,318TI,1.9,4,Manual(M5),R,23,32,26,25.7315,41.0884,30.9343,R,,,,,,,,87,15,722,,
COMPACT CARS,BMW,528I,2.8,6,Auto(L4),R,18,26,21,20.4924,33.4147,24.81,R,,,,,,93,11,,,892,,
COMPACT CARS,BMW,528I,2.8,6,Manual(M5),R,20,28,23,21.821,36.5059,26.644,R,,,,,,93,11,,,816,,
COMPACT CARS,BMW,540I,4.4,8,Auto(L5),R,18,24,20,19.4928,30.8929,23.3743,R,,,,,,93,11,,,938,,
COMPACT CARS,BMW,540I,4.4,8,Manual(M6),R,15,24,18,16.9,30.1499,21.066,R,G,,,,,93,11,,,1042,,
COMPACT CARS,BUICK,SKYLARK,2.4,4,Auto(L4),F,22,32,26,24.5344,41.5002,30.0654,R,,,,87,13,87,13,,,722,,CLKUP
COMPACT CARS,BUICK,SKYLARK,3.1,6,Auto(L4),F,20,29,23,21.9571,37.2393,26.9303,R,,,,87,13,87,13,,,816,,CLKUP
COMPACT CARS,CHEVROLET,PRIZM,1.8,4,Auto(L3),F,28,33,30,30.957,41.9033,35.0808,R,,,,,,88,12,,,624,,
COMPACT CARS,CHEVROLET,PRIZM,1.8,4,Auto(L4),F,28,36,31,31.6209,45.6812,36.7048,R,,,,,,88,12,,,606,,
COMPACT CARS,CHEVROLET,PRIZM,1.8,4,Manual(M5),F,31,37,33,34.2666,47.9643,39.3196,R,,,,,,88,12,,,568,,
COMPACT CARS,CHRYSLER,CHRYSLER SEBRING,2.0,4,Auto(L4),F,21,30,24,23.2987,37.9467,28.1966,R,,,,91,12,,,,,782,DOHC,
COMPACT CARS,CHRYSLER,CHRYSLER SEBRING,2.0,4,Auto(L4),F,21,30,24,23.2987,37.9467,28.1966,R,,,,91,12,,,,,782,DOHC,
COMPACT CARS,CHRYSLER,CHRYSLER SEBRING,2.0,4,Manual(M5),F,22,31,25,24.0996,40.191,29.3958,R,,,,91,12,,,,,750,DOHC,
COMPACT CARS,CHRYSLER,CHRYSLER SEBRING,2.0,4,Manual(M5),F,22,31,25,24.0996,40.191,29.3958,R,,,,91,12,,,,,750,DOHC,
COMPACT CARS,CHRYSLER,CHRYSLER SEBRING,2.5,6,Auto(L4),F,19,28,22,21.6992,35.4121,26.2784,R,,,,91,12,,,,,853,SOHC,
COMPACT CARS,CHRYSLER,CHRYSLER SEBRING,2.5,6,Auto(L4),F,19,28,22,21.6992,35.4121,26.2784,R,,,,91,12,,,,,853,SOHC,
COMPACT CARS,CHRYSLER,JX/JXI/LIMITED CONV.,2.4,4,Auto(L4),F,21,30,24,23.0969,38.8536,28.2528,R,,,,89,11,,,,,782,,CLKUP
COMPACT CARS,CHRYSLER,JX/JXI/LIMITED CONV.,2.5,6,Auto(L4),F,19,29,23,21.5,36.7,26.425,R,,,,89,11,,,,,816,,VMODE CLKUP
COMPACT CARS,CHRYSLER,JX/JXI/LIMITED CONV.,2.5,6,Auto(L4),F,19,28,22,21.1628,35.47,25.856,R,,,,89,11,,,,,853,,CLKUP
COMPACT CARS,DAEWOO,LANOS,1.5,4,Auto(A4),F,24,37,28,26.5,46.1,32.7696,R,,,,91,11,91,11,91,12,669,SOHC-IL4,EMS
COMPACT CARS,DAEWOO,LANOS,1.5,4,Manual(M5),F,26,36,30,29.1,45.8,34.8121,R,,,,91,11,91,11,91,12,624,SOHC-IL4,
COMPACT CARS,DAEWOO,LANOS,1.6,4,Auto(A4),F,23,34,27,26.2103,43.6821,31.9634,R,,,,91,11,91,11,91,12,694,DOHC-IL4,EMS
COMPACT CARS,DAEWOO,LANOS,1.6,4,Manual(M5),F,26,36,30,28.1,46,34.0651,R,,,,91,11,91,11,91,12,647,DOHC-IL4,
COMPACT CARS,DAEWOO,NUBIRA,1.6,4,Auto(A4),F,25,34,28,26.2103,43.6821,31.9634,R,,,,,,91,12,91,11,694,DOHC-IL4,EMS
COMPACT CARS,DAEWOO,NUBIRA,1.6,4,Manual(M5),F,23,32,27,25.9,44,31.7836,R,,,,,,91,12,91,11,694,DOHC-IL4,
COMPACT CARS,DAEWOO,NUBIRA,2.0,4,Auto(A4),F,22,30,25,24.4,39.7,29.5194,R,,,,,,91,12,91,11,750,DOHC-IL4,EMS
COMPACT CARS,DAEWOO,NUBIRA,2.0,4,Manual(M5),F,22,31,26,24.8,40.9,30.1388,R,,,,,,91,12,91,11,722,DOHC-IL4,
COMPACT CARS,DODGE,DODGE AVENGER,2.0,4,Auto(L4),F,21,30,24,23.2987,37.9467,28.1966,R,,,,91,12,,,,,782,DOHC,
COMPACT CARS,DODGE,DODGE AVENGER,2.0,4,Auto(L4),F,21,30,24,23.2987,37.9467,28.1966,R,,,,91,12,,,,,782,DOHC,
COMPACT CARS,DODGE,DODGE AVENGER,2.0,4,Manual(M5),F,22,32,25,24.1794,40.6742,29.577,R,,,,91,12,,,,,750,DOHC,
COMPACT CARS,DODGE,DODGE AVENGER,2.0,4,Manual(M5),F,22,32,25,24.1794,40.6742,29.577,R,,,,91,12,,,,,750,DOHC,
COMPACT CARS,DODGE,DODGE AVENGER,2.5,6,Auto(L4),F,19,28,22,21.6992,35.4121,26.2784,R,,,,91,12,,,,,853,SOHC,
COMPACT CARS,DODGE,DODGE AVENGER,2.5,6,Auto(L4),F,19,28,22,21.6992,35.4121,26.2784,R,,,,91,12,,,,,853,SOHC,
COMPACT CARS,DODGE,NEON (DODGE),2.0,4,Auto(L3),F,24,33,27,26.2258,41.7589,31.4982,R,,,,91,11,90,11,,,694,,
COMPACT CARS,DODGE,NEON (DODGE),2.0,4,Manual(M5),F,29,41,33,32,52.6,38.8461,R,,,,91,11,90,11,,,568,,
COMPACT CARS,FORD,CONTOUR,2.0,4,Auto(L4),F,24,32,27,26.2546,41.641,31.4908,R,,,,,,89,14,,,694,,CLKUP
COMPACT CARS,FORD,CONTOUR,2.0,4,Manual(M5),F,24,35,28,27.1605,44.5067,32.9372,R,,,,,,89,14,,,669,,
COMPACT CARS,FORD,CONTOUR,2.5,6,Auto(L4),F,21,30,24,23.0177,38.5302,28.1106,R,,,,,,89,14,,,782,,CLKUP
COMPACT CARS,FORD,CONTOUR,2.5,6,Manual(M5),F,20,29,23,21.7296,37.0177,26.6898,R,,,,,,89,14,,,816,,
COMPACT CARS,FORD,ESCORT,2.0,4,Auto(L4),F,25,34,29,28.1428,43.4723,33.4509,R,,,,,,87,13,,,647,,CLKUP
COMPACT CARS,FORD,ESCORT,2.0,4,Manual(M5),F,28,38,32,31.3083,48.2378,37.1802,R,,,,,,87,13,,,585,,
COMPACT CARS,HYUNDAI,ACCENT,1.5,4,Auto(L4),F,27,35,30,29.5376,44.4938,34.8018,R,,,,,,88,13,,,624,,2MODE CLKUP
COMPACT CARS,HYUNDAI,ACCENT,1.5,4,Manual(M5),F,28,36,32,31.5503,46.6253,36.9224,R,,,,,,88,13,,,585,,
COMPACT CARS,HYUNDAI,ELANTRA,1.8,4,Auto(L4),F,22,30,25,24.7491,37.8499,29.3151,R,,,,,,93,12,,,750,,2MODE CLKUP
COMPACT CARS,HYUNDAI,ELANTRA,1.8,4,Manual(M5),F,24,32,27,27.0554,40.5668,31.8254,R,,,,,,93,12,,,694,,
COMPACT CARS,JAGUAR,JAGUAR XJ8,4.0,8,Auto(L5),R,17,24,20,19.3,30.4,23.0947,P,,,,,,94,12,,,1050,,EMS 2MODE
COMPACT CARS,JAGUAR,JAGUAR XJR,4.0,8,Auto(L5),R,16,21,18,18.0739,27.5541,21.3848,P,G,,S,,,94,12,,,1168,,EMS 2MODE
COMPACT CARS,KIA,KIA SEPHIA,1.8,4,Auto(L4),F,23,31,26,25.4,40.1,30.4178,R,,,,,,94,10,,,722,,2MODE CLKUP
COMPACT CARS,KIA,KIA SEPHIA,1.8,4,Manual(M5),F,24,31,27,27.2,39.3,31.5747,R,,,,,,94,10,,,694,,
COMPACT CARS,LEXUS,ES 300,3.0,6,Auto(L4),F,19,27,22,21.2959,34.2188,25.656,R,,,,,,92,13,,,853,,
COMPACT CARS,LINCOLN-MERCURY,MYSTIQUE,2.0,4,Auto(L4),F,24,32,27,26.2546,41.641,31.4908,R,,,,,,89,14,,,694,,CLKUP
COMPACT CARS,LINCOLN-MERCURY,MYSTIQUE,2.0,4,Manual(M5),F,24,35,28,27.1605,44.5067,32.9372,R,,,,,,89,14,,,669,,
COMPACT CARS,LINCOLN-MERCURY,MYSTIQUE,2.5,6,Auto(L4),F,21,30,24,23.0177,38.5302,28.1106,R,,,,,,89,14,,,782,,CLKUP
COMPACT CARS,LINCOLN-MERCURY,MYSTIQUE,2.5,6,Manual(M5),F,19,28,22,21.3654,36.1133,26.1757,R,,,,,,89,14,,,853,,
COMPACT CARS,LINCOLN-MERCURY,TRACER,2.0,4,Auto(L4),F,25,34,29,28.1428,43.4723,33.4509,R,,,,,,87,13,,,647,,CLKUP
COMPACT CARS,LINCOLN-MERCURY,TRACER,2.0,4,Manual(M5),F,28,38,32,31.3083,48.2378,37.1802,R,,,,,,87,13,,,585,,
COMPACT CARS,MAZDA,MILLENIA,2.3,6,Auto(L4),F,20,28,22,21.7,35.3,26.2512,P,,,S,,,94,13,,,956,,CLKUP
COMPACT CARS,MAZDA,MILLENIA,2.5,6,Auto(L4),F,20,27,22,21.7,34,25.9196,P,,,,,,94,13,,,956,,CLKUP
COMPACT CARS,MAZDA,PROTEGE,1.5,4,Auto(L4),F,25,32,28,28.0958,41.5706,32.8938,R,,,,,,95,13,,,669,,CLKUP
COMPACT CARS,MAZDA,PROTEGE,1.5,4,Manual(M5),F,30,37,33,33.1876,46.828,38.1941,R,,,,,,95,13,,,568,,
COMPACT CARS,MAZDA,PROTEGE,1.8,4,Auto(L4),F,23,30,26,25.3,38.4,29.8883,R,,,,,,95,13,,,722,,CLKUP
COMPACT CARS,MAZDA,PROTEGE,1.8,4,Manual(M5),F,26,32,29,29.2,41.2,33.6045,R,,,,,,95,13,,,647,,
COMPACT CARS,MERCEDES-BENZ,C230,2.3,4,Auto(L5),R,23,30,26,25.8,39,30.4356,P,,,,,,88,13,,,808,,EMS 2MODE CLKUP
COMPACT CARS,MERCEDES-BENZ,C280,2.8,6,Auto(L5),R,21,27,23,22.9,34.4,26.955,P,,,,,,88,13,,,914,,EMS 2MODE CLKUP
COMPACT CARS,MERCEDES-BENZ,C43,4.3,8,Auto(L5),R,17,22,19,19.3,28.7,22.6363,P,,,,,,88,13,,,1105,,EMS 2MODE CLKUP
COMPACT CARS,MERCEDES-BENZ,CL500,5.0,8,Auto(L5),R,15,22,18,16.8,28.2,20.5358,P,G,,,93,14,,,,,1168,,EMS 2MODE CLKUP
COMPACT CARS,MERCEDES-BENZ,CL600,6.0,12,Auto(L5),R,13,19,15,14.1,24.7,17.4747,P,G,,,93,14,,,,,1401,,EMS 2MODE CLKUP
COMPACT CARS,MITSUBISHI,MITSUBISHI GALANT,2.3,4,Auto(L4),F,22,28,24,24.0368,35.7072,28.1816,R,,,,,,96,12,,,782,SOHC,
COMPACT CARS,MITSUBISHI,MITSUBISHI GALANT,2.3,4,Manual(M5),F,23,30,25,25.2683,38.2788,29.831,R,,,,,,96,12,,,750,SOHC,
COMPACT CARS,NISSAN,ALTIMA,2.4,4,Auto(L4),F,22,30,25,24.8138,38.892,29.6423,R,,,,,,94,14,,,750,,CLKUP
COMPACT CARS,NISSAN,ALTIMA,2.4,4,Manual(M5),F,24,31,27,26.9,39.4,31.38,R,,,,,,94,14,,,694,,
COMPACT CARS,OLDSMOBILE,ACHIEVA,2.4,4,Auto(L4),F,22,32,26,24.5,41.5,30.0369,R,,,,87,14,88,14,,,722,,CLKUP
COMPACT CARS,OLDSMOBILE,ACHIEVA,2.4,4,Manual(M5),F,23,33,26,25.1,42.5,30.7687,R,,,,87,14,88,14,,,722,,SIL
COMPACT CARS,OLDSMOBILE,ACHIEVA,3.1,6,Auto(L4),F,20,29,24,22.6,37.8,27.593,R,,,,87,14,88,14,,,782,,CLKUP
COMPACT CARS,PLYMOUTH,NEON (PLYMOUTH),2.0,4,Auto(L3),F,24,33,27,26.2258,41.7589,31.4982,R,,,,91,11,90,11,,,694,,
COMPACT CARS,PLYMOUTH,NEON (PLYMOUTH),2.0,4,Manual(M5),F,29,41,33,32,52.6,38.8461,R,,,,91,11,90,11,,,568,,
COMPACT CARS,PONTIAC,GRAND AM,2.4,4,Auto(L4),F,22,32,26,24.5181,41.5001,30.0518,R,,,,88,13,89,13,,,722,,CLKUP
COMPACT CARS,PONTIAC,GRAND AM,2.4,4,Manual(M5),F,23,33,26,25.1,42.5,30.7687,R,,,,88,13,89,13,,,722,,SIL
COMPACT CARS,PONTIAC,GRAND AM,3.1,6,Auto(L4),F,20,29,23,22.2099,37.4617,27.1917,R,,,,88,13,89,13,,,816,,CLKUP
COMPACT CARS,SATURN,SL,1.9,4,Auto(L4),F,24,34,28,27.1548,43.2237,32.6102,R,,,,,,91,12,,,669,,CLKUP
COMPACT CARS,SATURN,SL,1.9,4,Auto(L4),F,27,37,31,29.9659,47.4712,35.9277,R,,,,,,91,12,,,606,,CLKUP
COMPACT CARS,SATURN,SL,1.9,4,Manual(M5),F,26,36,30,28.6986,46.0497,34.5582,R,,,,,,91,12,,,624,,SIL
COMPACT CARS,SATURN,SL,1.9,4,Manual(M5),F,28,39,32,31.1987,50.3379,37.6385,R,,,,,,91,12,,,585,,SIL
COMPACT CARS,SUBARU,LEGACY,2.2,4,Auto(L4),F,24,31,27,26.9,40.0998,31.5775,R,,,,,,92,13,,,694,,
COMPACT CARS,SUBARU,LEGACY AWD,2.2,4,Auto(L4),4,23,30,26,25.823,37.8344,30.127,R,,,,,,92,13,,,722,,
COMPACT CARS,SUBARU,LEGACY AWD,2.2,4,Manual(M5),4,23,30,25,25.0748,37.8826,29.5743,R,,,,,,92,13,,,750,,
COMPACT CARS,SUBARU,LEGACY AWD,2.5,4,Auto(L4),4,21,26,23,22.9259,33.0954,26.6047,R,,,,,,92,13,,,816,,
COMPACT CARS,SUBARU,LEGACY AWD,2.5,4,Manual(M5),4,21,27,23,23.4373,34.3452,27.3454,R,,,,,,92,13,,,816,,
COMPACT CARS,TOYOTA,COROLLA,1.8,4,Auto(L3),F,28,33,30,30.9,42,35.0709,R,,,,,,88,12,,,624,,
COMPACT CARS,TOYOTA,COROLLA,1.8,4,Auto(L4),F,28,36,31,31.6054,46.1779,36.8365,R,,,,,,88,12,,,606,,CLKUP
COMPACT CARS,TOYOTA,COROLLA,1.8,4,Manual(M5),F,31,38,34,34.3556,48.3532,39.5014,R,,,,,,88,12,,,551,,
COMPACT CARS,VOLKSWAGEN,GOLF/GTI,2.0,4,Auto(L4),F,22,29,24,24.1323,36.5449,28.4863,R,,,,,,,,88,17,782,,CLKUP
COMPACT CARS,VOLKSWAGEN,GOLF/GTI,2.0,4,Manual(M5),F,24,31,26,26.1933,39.8287,30.9634,R,,,,,,,,88,17,722,,
COMPACT CARS,VOLKSWAGEN,GTI VR6,2.8,6,Manual(M5),F,19,26,22,21.1843,33.1419,25.2905,R,,,,,,,,87,17,853,,
COMPACT CARS,VOLKSWAGEN,JETTA,1.9,4,Manual(M5),F,40,49,43,44.1,62.8,50.9236,D,,T,,,,88,15,,,419,,
COMPACT CARS,VOLKSWAGEN,JETTA,2.0,4,Auto(L4),F,22,29,24,24.1323,36.5449,28.4863,R,,,,,,88,15,,,782,,CLKUP
COMPACT CARS,VOLKSWAGEN,JETTA,2.0,4,Manual(M5),F,24,31,26,26.121,39.7864,30.8963,R,,,,,,88,15,,,722,,
COMPACT CARS,VOLKSWAGEN,JETTA GLX,2.8,6,Auto(L4),F,18,25,21,20.3,31.9,24.2717,R,,,,,,85,15,,,892,,CLKUP
COMPACT CARS,VOLKSWAGEN,JETTA GLX,2.8,6,Manual(M5),F,19,26,22,21.1843,33.1419,25.2905,R,,,,,,85,15,,,853,,
COMPACT CARS,VOLVO,C70,2.3,5,Auto(L4),F,18,25,21,20.1882,32.2058,24.2623,P,,T,,91,13,,,,,1000,,2MODE CLKUP
COMPACT CARS,VOLVO,C70,2.3,5,Manual(M5),F,19,25,21,20.8241,32.1872,24.7571,P,,T,,91,13,,,,,1000,,
COMPACT CARS,VOLVO,C70,2.4,5,Auto(L4),F,19,27,22,21.563,34.0651,25.8287,P,,T,,91,13,,,,,956,,2MODE CLKUP
COMPACT CARS,VOLVO,S90,2.9,6,Auto(L4),R,18,25,20,19.8597,31.7848,23.8937,P,,,,,,91,16,,,1050,,2MODE CLKUP
MIDSIZE CARS,ACURA,3.5RL,3.5,6,Auto(L4),F,19,25,21,20.7,31.6,24.5035,P,,,,,,96,15,,,1000,SOHC V-6,CLKUP
MIDSIZE CARS,AUDI,A6,2.8,6,Auto(L5),F,17,28,21,19.4129,35.3482,24.3533,P,,,,,,98,15,,,1000,,CLKUP
MIDSIZE CARS,AUDI,A6 QUATTRO,2.8,6,Auto(L5),4,17,26,20,18.8202,33.0997,23.354,P,,,,,,98,15,,,1050,,CLKUP
MIDSIZE CARS,AUDI,A8,3.7,8,Auto(L5),F,17,26,20,18.8467,33.1493,23.3876,P,,,,,,100,18,,,1050,,CLKUP
MIDSIZE CARS,AUDI,A8,4.2,8,Auto(L5),4,17,25,20,18.6466,31.8922,22.9326,P,,,,,,100,18,,,1050,,CLKUP
MIDSIZE CARS,BENTLEY,BENTLEY BROOKLANDS R,6.7,8,Auto(L4),R,11,16,13,12.3498,20.3499,15.0041,P,G,T,,,,98,12,,,1615,L410MT2,EMS CLKUP
MIDSIZE CARS,BENTLEY,BENTLEY TURBO RT,6.7,8,Auto(L4),R,11,16,13,12.3846,20.3127,15.0232,P,G,T,,,,98,12,,,1615,L410MT2,EMS 2MODE CLKUP
MIDSIZE CARS,BMW,740I,4.4,8,Auto(L5),R,17,24,19,18.8,30.2,22.647,R,,,,,,100,13,,,986,,
MIDSIZE CARS,BUICK,CENTURY,3.1,6,Auto(L4),F,20,29,23,21.7901,37.0911,26.7572,R,,,,,,102,17,,,816,,CLKUP
MIDSIZE CARS,BUICK,REGAL,3.8,6,Auto(L4),F,19,30,23,21.6,37.9,26.7836,R,,,,,,102,17,,,816,,CLKUP
MIDSIZE CARS,BUICK,REGAL,3.8,6,Auto(L4),F,17,27,21,19.4357,34.8843,24.2729,R,,T,S,,,102,17,,,892,,2MODE CLKUP
MIDSIZE CARS,BUICK,RIVIERA,3.8,6,Auto(L4),F,18,27,21,20,34.2,24.5955,R,,T,S,99,17,,,,,892,,CLKUP
MIDSIZE CARS,CADILLAC,CATERA,3.0,6,Auto(L4),R,18,24,20,19.4165,31.232,23.4002,R,,,,,,99,14,,,938,,CLKUP
MIDSIZE CARS,CADILLAC,ELDORADO,4.6,8,Auto(L4),F,17,26,20,18.8,33.3,23.3815,R,,,,100,15,,,,,938,,CLKUP
MIDSIZE CARS,CADILLAC,SEVILLE,4.6,8,Auto(L4),F,17,26,20,18.8,33.3,23.3815,R,,,,,,104,16,,,938,,CLKUP
MIDSIZE CARS,CHEVROLET,LUMINA/MONTECARLO,3.1,6,Auto(L4),F,20,29,23,21.7901,37.0911,26.7572,R,,,,96,16,100,16,,,816,,CLKUP
MIDSIZE CARS,CHEVROLET,LUMINA/MONTECARLO,3.8,6,Auto(L4),F,19,30,23,21.6,37.9,26.7836,R,,,,96,16,100,16,,,816,,CLKUP
MIDSIZE CARS,CHEVROLET,LUMINA/MONTECARLO,3.8,6,Auto(L4),F,18,27,21,20.1,34.5,24.7484,R,,,,96,16,100,16,,,892,,CLKUP
MIDSIZE CARS,CHEVROLET,MALIBU,2.4,4,Auto(L4),F,23,32,26,25.5388,41.5061,30.8855,R,,,,,,,,99,16,722,,CLKUP
MIDSIZE CARS,CHEVROLET,MALIBU,3.1,6,Auto(L4),F,20,29,23,21.7901,37.0911,26.7572,R,,,,,,,,99,16,816,,CLKUP
MIDSIZE CARS,CHRYSLER,CIRRUS,2.4,4,Auto(L4),F,21,30,24,23.0969,38.8536,28.2528,R,,,,,,96,16,,,782,,CLKUP
MIDSIZE CARS,CHRYSLER,CIRRUS,2.5,6,Auto(L4),F,19,28,22,21.1628,35.47,25.856,R,,,,,,96,16,,,853,,CLKUP
MIDSIZE CARS,DAEWOO,LEGANZA,2.0,4,Auto(A4),F,20,27,22,21.8,35.2,26.3065,R,,,,,,100,14,,,816,DOHC-IL4,EMS
MIDSIZE CARS,DAEWOO,LEGANZA,2.0,4,Manual(M5),F,20,29,23,22.5,36.5,27.1937,R,,,,,,100,14,,,816,DOHC-IL4,
MIDSIZE CARS,DAEWOO,LEGANZA,2.2,4,Auto(A4),F,20,28,23,22.1,35.7,26.6724,R,,,,,,100,14,,,816,DOHC-IL4,EMS
MIDSIZE CARS,DAEWOO,LEGANZA,2.2,4,Manual(M5),F,20,29,24,22.7,37.5,27.6021,R,,,,,,100,14,,,782,DOHC-IL4,
MIDSIZE CARS,DODGE,STRATUS,2.0,4,Manual(M5),F,27,37,31,30,46.9,35.8061,R,,,,,,96,16,,,606,,
MIDSIZE CARS,DODGE,STRATUS,2.4,4,Auto(L4),F,21,30,24,23.0969,38.8536,28.2528,R,,,,,,96,16,,,782,,CLKUP
MIDSIZE CARS,DODGE,STRATUS,2.5,6,Auto(L4),F,19,29,23,21.5,36.7,26.425,R,,,,,,96,16,,,816,,VMODE CLKUP
MIDSIZE CARS,DODGE,STRATUS,2.5,6,Auto(L4),F,19,28,22,21,35,26,R,,,,,,96,16,,,816,,VMODE CLKUP
MIDSIZE CARS,FORD,TAURUS,3.0,6,Auto(L4),F,18,27,21,20.5,34.3,25.032,R,,,,,,102,16,,,892,4V,CLKUP
MIDSIZE CARS,FORD,TAURUS,3.0,6,Auto(L4),F,19,25,21,20.9,32.5,24.8992,R,,,,,,102,16,,,892,MFFV-GAS,CLKUP
MIDSIZE CARS,FORD,TAURUS,3.0,6,Auto(L4),F,19,26,22,21.2,33.4,25.3701,R,,,,,,102,16,,,853,EFFV-GAS,CLKUP
MIDSIZE CARS,FORD,TAURUS,3.0,6,Auto(L4),F,19,28,22,21.1,36.2,25.9759,R,,,,,,102,16,,,853,2V,CLKUP
MIDSIZE CARS,FORD,TAURUS,3.4,8,Auto(L4),F,17,25,20,18.3422,32.1566,22.7379,P,,,,,,102,16,,,1050,4V,CLKUP
MIDSIZE CARS,HONDA,ACCORD,2.3,4,Auto(L4),F,22,29,25,24.3,37.5201,28.8789,R,,,,93,14,102,14,,,750,SOHC,CLKUP
MIDSIZE CARS,HONDA,ACCORD,2.3,4,Auto(L4),F,23,30,26,25.425,38.3814,29.979,R,,,,93,14,102,14,,,722,SOHC-VTEC,CLKUP
MIDSIZE CARS,HONDA,ACCORD,2.3,4,Manual(M5),F,24,31,27,26.9,39.5538,31.4238,R,,,,93,14,102,14,,,694,SOHC,
MIDSIZE CARS,HONDA,ACCORD,2.3,4,Manual(M5),F,25,31,27,27.6499,39.8997,32.0823,R,,,,93,14,102,14,,,694,SOHC-VTEC,
MIDSIZE CARS,HONDA,ACCORD,3.0,6,Auto(L4),F,20,28,23,22.718,35.8,27.1889,R,,,,93,14,102,14,,,816,SOHC V-6,CLKUP
MIDSIZE CARS,HYUNDAI,SONATA,2.0,4,Auto(L4),F,20,27,23,22.3743,34.5898,26.6018,R,,,,,,101,13,,,816,,2MODE CLKUP
MIDSIZE CARS,HYUNDAI,SONATA,2.0,4,Manual(M5),F,21,28,24,23.5673,35.4614,27.7568,R,,,,,,101,13,,,782,,
MIDSIZE CARS,HYUNDAI,SONATA,3.0,6,Auto(L4),F,17,24,20,19.0995,30.9883,23.085,R,,,,,,101,13,,,938,,2MODE CLKUP
MIDSIZE CARS,INFINITI,I30,3.0,6,Auto(L4),F,21,28,23,22.871,35.471,27.2225,R,,,,,,100,14,,,816,,CLKUP
MIDSIZE CARS,INFINITI,I30,3.0,6,Manual(M5),F,21,26,23,23.8,33.9,27.4849,R,,,,,,100,14,,,816,,
MIDSIZE CARS,INFINITI,Q45,4.1,8,Auto(L4),R,18,23,20,19.5979,29.8996,23.194,P,,,,,,97,13,,,1050,,CLKUP
MIDSIZE CARS,JAGUAR,JAGUAR VANDEN PLAS,4.0,8,Auto(L5),R,17,24,19,18.9244,30.1493,22.7331,P,,,,,,100,12,,,1105,,EMS 2MODE
MIDSIZE CARS,JAGUAR,JAGUAR XJ8L,4.0,8,Auto(L5),R,17,24,19,18.9244,30.1493,22.7331,P,,,,,,100,12,,,1105,,EMS 2MODE
MIDSIZE CARS,LEXUS,GS 300/GS 400,3.0,6,Auto(L5),R,20,25,22,21.8033,31.5191,25.3148,P,,,,,,100,15,,,956,,2MODE 2LKUP
MIDSIZE CARS,LEXUS,GS 300/GS 400,4.0,8,Auto(L5),R,17,23,19,19.0735,29.6965,22.7329,P,,,,,,100,15,,,1105,,2MODE 2LKUP
MIDSIZE CARS,LEXUS,LS 400,4.0,8,Auto(L5),R,19,25,21,20.6326,31.896,24.5307,P,,,,,,102,14,,,1000,,2MODE 2LKUP
MIDSIZE CARS,LINCOLN-MERCURY,MARK VIII,4.6,8,Auto(L4),R,17,26,20,19.038,33.2927,23.5815,P,,,,102,14,,,,,1050,4V,CLKUP
MIDSIZE CARS,LINCOLN-MERCURY,SABLE,3.0,6,Auto(L4),F,18,27,21,20.5,34.3,25.032,R,,,,,,103,16,,,892,4V,CLKUP
MIDSIZE CARS,LINCOLN-MERCURY,SABLE,3.0,6,Auto(L4),F,19,28,22,21.1,36.2,25.9759,R,,,,,,103,16,,,853,2V,CLKUP
MIDSIZE CARS,MAZDA,626,2.0,4,Auto(L4),F,22,29,24,24.21,36.7078,28.5903,R,,,,,,97,14,,,782,,CLKUP
MIDSIZE CARS,MAZDA,626,2.0,4,Manual(M5),F,26,33,29,29.4109,42.553,34.1581,R,,,,,,97,14,,,647,,
MIDSIZE CARS,MAZDA,626,2.5,6,Auto(L4),F,20,26,23,22.4,33.9,26.4355,P,,,,,,97,14,,,914,,CLKUP
MIDSIZE CARS,MAZDA,626,2.5,6,Manual(M5),F,21,27,24,23.8,34.6,27.6893,P,,,,,,97,14,,,876,,
MIDSIZE CARS,MERCEDES-BENZ,E300 TURBODIESEL,3.0,6,Auto(L5),R,26,34,30,29.4,44,34.5605,D,,T,,,,95,15,,,599,,EMS 2MODE CLKUP
MIDSIZE CARS,MERCEDES-BENZ,E320,3.2,6,Auto(L5),R,20,26,22,22.1,33.4,26.0689,P,,,,,,95,15,,,956,,EMS 2MODE CLKUP
MIDSIZE CARS,MERCEDES-BENZ,E320,3.2,6,Auto(L5),R,21,29,24,23.2,36.6,27.7763,P,,,,,,95,15,,,876,,EMS 2MODE CLKUP
MIDSIZE CARS,MITSUBISHI,DIAMANTE SEDAN,3.5,6,Auto(L4),F,18,24,20,19.7,31.4,23.6686,P,,,,,,101,14,,,1050,SOHC,EMS CMODE CLKUP
MIDSIZE CARS,NISSAN,MAXIMA,3.0,6,Auto(L4),F,21,28,24,23.2239,36.4958,27.768,R,,,,,,100,15,,,782,,CLKUP
MIDSIZE CARS,NISSAN,MAXIMA,3.0,6,Manual(M5),F,22,27,24,24,34.1,27.6907,R,,,,,,100,15,,,782,,
MIDSIZE CARS,OLDSMOBILE,AURORA,4.0,8,Auto(L4),F,17,26,20,19.2488,32.7493,23.6329,P,,,,,,,,102,16,1050,,CLKUP
MIDSIZE CARS,OLDSMOBILE,CUTLASS,2.4,4,Auto(L4),F,23,32,26,25.5388,41.5061,30.8855,R,,,,,,98,17,,,722,,CLKUP
MIDSIZE CARS,OLDSMOBILE,CUTLASS,3.1,6,Auto(L4),F,20,29,23,21.7901,37.0911,26.7572,R,,,,,,98,17,,,816,,CLKUP
MIDSIZE CARS,OLDSMOBILE,INTRIGUE,3.8,6,Auto(L4),F,19,30,23,21.6,37.9,26.7836,R,,,,,,101,17,,,816,,CLKUP
MIDSIZE CARS,PLYMOUTH,BREEZE,2.0,4,Auto(L4),F,23,33,26,25.1327,41.7,30.6042,R,,,,,,96,16,,,722,,CLKUP
MIDSIZE CARS,PLYMOUTH,BREEZE,2.0,4,Manual(M5),F,27,37,31,30,46.9,35.8061,R,,,,,,96,16,,,606,,
MIDSIZE CARS,PLYMOUTH,BREEZE,2.4,4,Auto(L4),F,21,30,24,23.0969,38.8536,28.2528,R,,,,,,96,16,,,782,,CLKUP
MIDSIZE CARS,PONTIAC,GRAND PRIX,3.1,6,Auto(L4),F,20,29,23,21.7901,37.0911,26.7572,R,,,,99,16,98,16,,,816,,CLKUP
MIDSIZE CARS,PONTIAC,GRAND PRIX,3.8,6,Auto(L4),F,19,30,23,21.6,37.9,26.7836,R,,,,99,16,98,16,,,816,,CLKUP
MIDSIZE CARS,PONTIAC,GRAND PRIX,3.8,6,Auto(L4),F,18,27,21,19.5457,35.2029,24.4366,R,,T,S,99,16,98,16,,,892,,2MODE CLKUP
MIDSIZE CARS,R-R MTR CARS LTD.,ROLLS-ROYCE SILVER SPUR,6.7,8,Auto(L4),R,11,16,13,12.3498,20.3499,15.0041,P,G,T,,,,98,12,,,1615,L410MT2,EMS CLKUP
MIDSIZE CARS,SAAB,SAAB 900,2.0,4,Auto(L4),F,19,24,21,20.8,31.3,24.4982,R,,T,,,,,,92,24,892,B204L3,2MODE
MIDSIZE CARS,SAAB,SAAB 900,2.0,4,Auto(L4),F,19,25,21,20.8,32.2,24.7418,R,,T,,,,,,92,24,892,B204L3,2MODE
MIDSIZE CARS,SAAB,SAAB 900,2.0,4,Manual(M5),F,22,28,24,24.6,35.7,28.6019,R,,,,,,,,92,24,782,B234I3,SIL
MIDSIZE CARS,SAAB,SAAB 900,2.0,4,Manual(M5),F,21,26,23,22.8,33.9,26.74,R,,T,,,,,,92,24,816,B2O4L3,SIL
MIDSIZE CARS,SAAB,SAAB 900,2.0,4,Manual(M5),F,20,27,23,22.4,35.1,26.7565,R,,T,,,,,,92,24,816,B2O4L3,SIL
MIDSIZE CARS,SAAB,SAAB 900,2.3,4,Auto(L4),F,20,26,22,22.4,33.6,26.3529,R,,,,,,,,92,24,853,B234I3,2MODE
MIDSIZE CARS,TOYOTA,CAMRY,2.2,4,Auto(L4),F,23,30,26,25.6946,38.7075,30.2747,R,,,,,,97,14,,,722,,CLKUP
MIDSIZE CARS,TOYOTA,CAMRY,2.2,4,Manual(M5),F,23,32,27,26.0235,40.5701,31.0302,R,,,,,,97,14,,,694,,
MIDSIZE CARS,TOYOTA,CAMRY,3.0,6,Auto(L4),F,19,27,22,21.2959,34.2188,25.656,R,,,,,,97,14,,,853,,
MIDSIZE CARS,TOYOTA,CAMRY,3.0,6,Manual(M5),F,20,28,23,22.3,36.1,26.9331,R,,,,,,97,14,,,816,,
MIDSIZE CARS,VOLKSWAGEN,PASSAT,1.8,4,Auto(L5),F,21,31,24,22.9787,39.5937,28.3281,P,,T,,,,95,15,,,876,,CLKUP
MIDSIZE CARS,VOLKSWAGEN,PASSAT,1.8,4,Manual(M5),F,23,32,26,25.9,40.7,30.9674,P,,T,,,,95,15,,,808,,
MIDSIZE CARS,VOLKSWAGEN,PASSAT,1.9,4,Auto(L4),F,31,44,36,34.6746,55.823,41.8009,D,,T,,,,95,15,,,500,,CLKUP
MIDSIZE CARS,VOLKSWAGEN,PASSAT,1.9,4,Manual(M5),F,39,50,43,42.8354,64.2498,50.3937,D,,T,,,,95,15,,,419,,
MIDSIZE CARS,VOLKSWAGEN,PASSAT,2.8,6,Auto(L5),F,18,29,21,19.5587,36.9976,24.8241,P,,,,,,95,15,,,1000,,CLKUP
MIDSIZE CARS,VOLKSWAGEN,PASSAT,2.8,6,Manual(M5),F,20,29,23,22.2,37,27.0732,P,,,,,,95,15,,,914,,
MIDSIZE CARS,VOLKSWAGEN,PASSAT SYNCRO,2.8,6,Auto(L5),4,17,26,20,19.1123,33.6481,23.7242,P,,,,,,95,15,,,1050,,CLKUP
MIDSIZE CARS,VOLVO,S70,2.3,5,Auto(L4),F,18,26,21,20.1882,32.2058,24.2623,P,,T,,,,98,14,,,1000,,2MODE CLKUP
MIDSIZE CARS,VOLVO,S70,2.3,5,Manual(M5),F,19,25,21,20.8241,32.1872,24.7571,P,,T,,,,98,14,,,1000,,
MIDSIZE CARS,VOLVO,S70,2.4,5,Auto(L4),F,20,28,23,22.1047,35.7321,26.6842,P,,,,,,98,14,,,914,,2MODE CLKUP
MIDSIZE CARS,VOLVO,S70,2.4,5,Auto(L4),F,19,27,22,21.563,34.0651,25.8287,P,,T,,,,98,14,,,956,,2MODE CLKUP
MIDSIZE CARS,VOLVO,S70,2.4,5,Manual(M5),F,20,29,23,21.8733,37.1005,26.8283,P,,,,,,98,14,,,914,,
LARGE CARS,BENTLEY,BENTLEY BROOKLANDS R LIMO,6.7,8,Auto(L4),R,10,14,12,11.3498,18.5,13.7394,P,G,T,,,,128,12,,,1749,L410MT2,EMS CLKUP
LARGE CARS,BMW,740IL,4.4,8,Auto(L5),R,27,24,19,18.8,30.2,22.647,R,,,,,,107,13,,,986,,
LARGE CARS,BMW,750IL,5.4,12,Auto(L5),R,15,20,17,16.1498,25.4,19.3152,R,G,,,,,107,13,,,1102,,
LARGE CARS,BUICK,LESABRE,3.8,6,Auto(L4),F,19,30,23,21.6,37.9,26.7836,R,,,,,,109,17,,,816,,CLKUP
LARGE CARS,BUICK,PARK AVENUE,3.8,6,Auto(L4),F,19,28,22,20.7382,35.6238,25.5408,R,,,,,,111,19,,,853,,CLKUP
LARGE CARS,BUICK,PARK AVENUE,3.8,6,Auto(L4),F,18,27,21,20,34.2,24.5955,R,,T,S,,,111,19,,,892,,CLKUP
LARGE CARS,CADILLAC,DEVILLE,4.6,8,Auto(L4),F,17,26,20,18.8,33.3,23.3815,R,,,,,,116,20,,,938,,CLKUP
LARGE CARS,CADILLAC,FUNERAL COACH/HEARSE,4.6,8,Auto(L4),F,14,20,16,15.6209,26.0895,19.0631,R,G,,,,,,,,,1172,,CLKUP
LARGE CARS,CADILLAC,LIMOUSINE,4.6,8,Auto(L4),F,14,20,16,15.6209,26.0895,19.0631,R,G,,,,,,,,,1172,,CLKUP
LARGE CARS,CHRYSLER,CONCORDE,2.7,6,Auto(L4),F,21,30,24,22.998,38.6932,28.1333,R,,,,,,106,17,,,782,,CLKUP
LARGE CARS,CHRYSLER,CONCORDE,3.2,6,Auto(L4),F,19,29,22,20.9,36.6,25.8994,R,,,,,,106,17,,,853,,CLKUP
LARGE CARS,DODGE,INTREPID,2.7,6,Auto(L4),F,21,30,24,22.998,38.6932,28.1333,R,,,,,,104,17,,,782,,CLKUP
LARGE CARS,DODGE,INTREPID,3.2,6,Auto(L4),F,19,29,22,20.8499,36.6,25.8571,R,,,,,,104,17,,,853,,VMODE CLKUP
LARGE CARS,FORD,CROWN VICTORIA,4.6,8,Auto(L4),R,17,24,20,18.8322,30.7274,22.8049,R,,,,,,111,21,,,938,4.6N,CLKUP
LARGE CARS,LINCOLN-MERCURY,CONTINENTAL,4.6,8,Auto(L4),F,17,24,20,18.7429,31.1689,22.8405,P,,,,,,101,19,,,1050,4V,CLKUP
LARGE CARS,LINCOLN-MERCURY,GRAND MARQUIS,4.6,8,Auto(L4),R,17,24,20,18.8322,30.7274,22.8049,R,,,,,,109,21,,,938,4.6N,CLKUP
LARGE CARS,LINCOLN-MERCURY,TOWN CAR,4.6,8,Auto(L4),R,17,24,20,18.8322,30.7274,22.8049,R,,,,,,112,21,,,938,4.6N,CLKUP
LARGE CARS,MERCEDES-BENZ,S320,3.2,6,Auto(L5),R,17,23,20,19.2,30,22.9117,P,,,,,,112,16,,,1050,,EMS 2MODE CLKUP
LARGE CARS,MERCEDES-BENZ,S320,3.2,6,Auto(L5),R,17,24,20,19.1,30.7,23.013,P,,,,,,108,16,,,1050,,EMS 2MODE CLKUP
LARGE CARS,MERCEDES-BENZ,S320,3.2,6,Auto(L5),R,17,24,20,19.1,30.7,23.013,P,,,,,,112,16,,,1050,,EMS 2MODE CLKUP
LARGE CARS,MERCEDES-BENZ,S320,3.2,6,Auto(L5),R,17,23,20,19.2,30,22.9117,P,,,,,,108,16,,,1050,,EMS 2MODE CLKUP
LARGE CARS,MERCEDES-BENZ,S420,4.2,8,Auto(L5),R,15,22,18,17.2,27.6,20.712,P,G,,,,,112,16,,,1168,,EMS 2MODE CLKUP
LARGE CARS,MERCEDES-BENZ,S500,5.0,8,Auto(L5),R,15,21,17,16.5,27,20,P,G,,,,,112,16,,,1235,,EMS 2MODE CLKUP
LARGE CARS,MERCEDES-BENZ,S600,6.0,12,Auto(L5),R,13,19,15,13.9,24,17.1473,P,G,,,,,112,16,,,1401,,EMS 2MODE CLKUP
LARGE CARS,OLDSMOBILE,EIGHTY EIGHT/REGENCY,3.8,6,Auto(L4),F,19,29,23,21.5035,37.6403,26.6436,R,,,,,,106,18,,,816,,CLKUP
LARGE CARS,OLDSMOBILE,EIGHTY EIGHT/REGENCY,3.8,6,Auto(L4),F,18,27,21,20,34.2,24.5955,R,,T,S,,,106,18,,,892,,CLKUP
LARGE CARS,PONTIAC,BONNEVILLE,3.8,6,Auto(L4),F,19,28,22,20.7382,35.6238,25.5408,R,,,,,,110,18,,,853,,CLKUP
LARGE CARS,PONTIAC,BONNEVILLE,3.8,6,Auto(L4),F,17,27,21,19.4357,34.8843,24.2729,R,,T,S,,,110,18,,,892,,2MODE CLKUP
LARGE CARS,R-R MTR CARS LTD.,R-R SILVER SPUR PARK WARD,6.7,8,Auto(L4),R,10,14,12,11.3498,18.5,13.7394,P,G,T,,,,128,12,,,1749,L410MT2,EMS CLKUP
LARGE CARS,SAAB,SAAB 9000,2.3,4,Auto(A4),F,18,26,21,19.5488,33,23.94,R,,T,,,,,,99,24,892,B234R4,
LARGE CARS,SAAB,SAAB 9000,2.3,4,Manual(M5),F,21,27,23,22.9,34.3,26.9273,P,,T,,,,,,99,24,914,B234R4,SIL
LARGE CARS,TOYOTA,AVALON,3.0,6,Auto(L4),F,21,30,24,23.4243,38.2473,28.3725,R,,,,,,106,15,,,782,,2MODE 2LKUP
SMALL STATION WAGONS,AUDI,A4 AVANT,2.8,6,Auto(L5),F,18,29,22,20.1794,37.4496,25.4636,P,,,,,,89,31,,,956,,CLKUP
SMALL STATION WAGONS,AUDI,A4 AVANT QUATTRO,2.8,6,Auto(L5),4,17,27,21,19.4211,34.5499,24.1871,P,,,,,,89,31,,,1000,,CLKUP
SMALL STATION WAGONS,AUDI,A4 AVANT QUATTRO,2.8,6,Manual(M5),4,19,27,22,21.3655,34.2658,25.7234,P,,,,,,89,31,,,956,,
SMALL STATION WAGONS,AUDI,A6 WAGON QUATTRO,2.8,6,Auto(L4),4,19,24,21,20.5642,30.3,24.0402,P,,,,,,91,34,,,1000,,CLKUP
SMALL STATION WAGONS,DAEWOO,NUBIRA,1.6,4,Auto(A4),F,25,34,28,26.2103,43.6821,31.9634,R,,,,,,93,19,,,694,DOHC-IL4,EMS
SMALL STATION WAGONS,DAEWOO,NUBIRA,1.6,4,Manual(M5),F,23,32,27,25.9,44,31.7836,R,,,,,,93,19,,,694,DOHC-IL4,
SMALL STATION WAGONS,DAEWOO,NUBIRA,2.0,4,Auto(A4),F,22,30,25,24.4,39.7,29.5194,R,,,,,,93,19,,,750,DOHC-IL4,EMS
SMALL STATION WAGONS,DAEWOO,NUBIRA,2.0,4,Manual(M5),F,22,31,26,24.8,40.9,30.1388,R,,,,,,93,19,,,722,DOHC-IL4,
SMALL STATION WAGONS,FORD,ESCORT WAGON,2.0,4,Auto(L4),F,25,34,29,28.1428,43.4723,33.4509,R,,,,,,94,26,,,647,,CLKUP
SMALL STATION WAGONS,FORD,ESCORT WAGON,2.0,4,Manual(M5),F,28,38,32,31.3083,48.2378,37.1802,R,,,,,,94,26,,,585,,
SMALL STATION WAGONS,HYUNDAI,ELANTRA WAGON,1.8,4,Auto(L4),F,22,30,25,24.4963,38.1646,29.2027,R,,,,,,,,95,32,750,,2MODE CLKUP
SMALL STATION WAGONS,HYUNDAI,ELANTRA WAGON,1.8,4,Manual(M5),F,24,31,27,26.7,39.6,31.2863,R,,,,,,,,95,32,694,,
SMALL STATION WAGONS,LINCOLN-MERCURY,TRACER WAGON,2.0,4,Auto(L4),F,25,34,29,28.1428,43.4723,33.4509,R,,,,,,94,26,,,647,,CLKUP
SMALL STATION WAGONS,LINCOLN-MERCURY,TRACER WAGON,2.0,4,Manual(M5),F,28,38,32,31.3083,48.2378,37.1802,R,,,,,,94,26,,,585,,
SMALL STATION WAGONS,SATURN,SW,1.9,4,Auto(L4),F,24,34,28,27.1548,43.2237,32.6102,R,,,,,,92,25,,,669,,CLKUP
SMALL STATION WAGONS,SATURN,SW,1.9,4,Auto(L4),F,27,34,30,29.5,44,34.6364,R,,,,,,92,25,,,624,,CLKUP
SMALL STATION WAGONS,SATURN,SW,1.9,4,Manual(M5),F,26,36,30,28.6986,46.0497,34.5582,R,,,,,,92,25,,,624,,SIL
SMALL STATION WAGONS,SATURN,SW,1.9,4,Manual(M5),F,27,37,31,30.2338,47.9811,36.271,R,,,,,,92,25,,,606,,SIL
SMALL STATION WAGONS,SUBARU,IMPREZA WAGON AWD,2.2,4,Auto(L4),4,23,30,26,25.823,37.8344,30.127,R,,,,,,85,25,,,722,,
SMALL STATION WAGONS,SUBARU,IMPREZA WAGON AWD,2.2,4,Manual(M5),4,23,30,25,25.0748,37.8826,29.5743,R,,,,,,85,25,,,750,,
SMALL STATION WAGONS,SUZUKI,ESTEEM WAGON,1.6,4,Auto(L4),F,26,33,29,29,42.1,33.7219,R,,,,,,86,29,,,647,,
SMALL STATION WAGONS,SUZUKI,ESTEEM WAGON,1.6,4,Manual(M5),F,30,36,32,32.9,46.7,37.9459,R,,,,,,86,29,,,585,,
SMALL STATION WAGONS,VOLVO,V90,2.9,6,Auto(L4),R,18,25,20,19.8597,31.7848,23.8937,P,,,,,,,,92,36,1050,,2MODE CLKUP
MIDSIZE STATION WAGONS,FORD,TAURUS WAGON,3.0,6,Auto(L4),F,18,26,21,20.2552,33.8294,24.7185,R,,,,,,105,38,,,892,,CLKUP
MIDSIZE STATION WAGONS,FORD,TAURUS WAGON,3.0,6,Auto(L4),F,18,25,20,19.6778,32.4,23.9011,R,,,,,,105,38,,,938,4V,CLKUP
MIDSIZE STATION WAGONS,HONDA,ODYSSEY,2.3,4,Auto(L4),F,21,26,23,23.5935,33.5732,27.2368,R,,,,,,,,107,46,816,SOHC-VTEC,CLKUP
MIDSIZE STATION WAGONS,ISUZU,OASIS,2.3,4,Auto(L4),F,21,26,23,23.5935,33.5732,27.2368,R,,,,,,,,107,46,816,SOHC-VTEC,CLKUP
MIDSIZE STATION WAGONS,LINCOLN-MERCURY,SABLE WAGON,3.0,6,Auto(L4),F,18,26,21,20.2552,33.8294,24.7185,R,,,,,,105,38,,,892,,CLKUP
MIDSIZE STATION WAGONS,LINCOLN-MERCURY,SABLE WAGON,3.0,6,Auto(L4),F,18,25,20,19.6778,32.4,23.9011,R,,,,,,105,38,,,938,4V,CLKUP
MIDSIZE STATION WAGONS,MERCEDES-BENZ,E320,3.2,6,Auto(L5),R,20,26,22,21.7,32.8,25.5983,P,,,,,,98,44,,,956,,EMS 2MODE CLKUP
MIDSIZE STATION WAGONS,MERCEDES-BENZ,E320,3.2,6,Auto(L5),R,20,27,23,22.2,34.3,26.3892,P,,,,,,98,44,,,914,,EMS 2MODE CLKUP
MIDSIZE STATION WAGONS,SUBARU,LEGACY WAGON,2.2,4,Auto(L4),F,24,31,27,26.9,40.0998,31.5775,R,,,,,,95,36,,,694,,
MIDSIZE STATION WAGONS,SUBARU,LEGACY WAGON AWD,2.2,4,Auto(L4),4,23,30,25,25.4005,37.9888,29.8519,R,,,,,,96,36,,,750,,
MIDSIZE STATION WAGONS,SUBARU,LEGACY WAGON AWD,2.2,4,Manual(M5),4,23,30,25,25.0748,37.8826,29.5743,R,,,,,,96,36,,,750,,
MIDSIZE STATION WAGONS,SUBARU,LEGACY WAGON AWD,2.5,4,Auto(L4),4,21,26,23,22.9259,33.0954,26.6047,R,,,,,,96,36,,,816,,
MIDSIZE STATION WAGONS,SUBARU,LEGACY WAGON AWD,2.5,4,Manual(M5),4,21,27,23,23.4373,34.3452,27.3454,R,,,,,,96,36,,,816,,
MIDSIZE STATION WAGONS,VOLKSWAGEN,PASSAT WAGON,1.8,4,Auto(L5),F,21,31,24,22.9787,39.5937,28.3281,P,,T,,,,97,39,,,876,,CLKUP
MIDSIZE STATION WAGONS,VOLKSWAGEN,PASSAT WAGON,1.8,4,Manual(M5),F,23,32,26,25.9,40.7,30.9674,P,,T,,,,97,39,,,808,,
MIDSIZE STATION WAGONS,VOLKSWAGEN,PASSAT WAGON,1.9,4,Auto(L4),F,31,44,36,34.6746,55.823,41.8009,D,,T,,,,97,39,,,500,,CLKUP
MIDSIZE STATION WAGONS,VOLKSWAGEN,PASSAT WAGON,1.9,4,Manual(M5),F,39,50,43,42.8354,64.2498,50.3937,D,,T,,,,97,39,,,419,,
MIDSIZE STATION WAGONS,VOLKSWAGEN,PASSAT WAGON SYNCRO,2.8,6,Auto(L5),4,17,26,20,19.1123,33.6481,23.7242,P,,,,,,97,39,,,1050,,CLKUP
MIDSIZE STATION WAGONS,VOLVO,V70,2.3,5,Auto(L4),F,18,25,21,20.1882,32.2058,24.2623,P,,T,,,,,,99,34,1000,,2MODE CLKUP
MIDSIZE STATION WAGONS,VOLVO,V70,2.3,5,Manual(M5),F,19,25,21,20.8241,32.1872,24.7571,P,,T,,,,,,99,34,1000,,
MIDSIZE STATION WAGONS,VOLVO,V70,2.4,5,Auto(L4),F,20,28,23,22.1047,35.7321,26.6842,P,,,,,,,,99,34,914,,2MODE CLKUP
MIDSIZE STATION WAGONS,VOLVO,V70,2.4,5,Auto(L4),F,19,27,22,21.563,34.0651,25.8287,P,,T,,,,,,99,34,956,,2MODE CLKUP
MIDSIZE STATION WAGONS,VOLVO,V70,2.4,5,Manual(M5),F,20,29,23,21.8733,37.1005,26.8283,P,,,,,,,,99,34,914,,
MIDSIZE STATION WAGONS,VOLVO,V70 AWD,2.3,5,Auto(L4),4,18,25,21,20.2,32.1,24.2445,P,,T,,,,,,98,37,1000,,2MODE CLKUP
MIDSIZE STATION WAGONS,VOLVO,V70 AWD,2.4,5,Auto(L4),4,18,24,21,20.2499,31.1341,24.0302,P,,T,,,,,,98,37,1000,,2MODE CLKUP
SMALL PICKUP TRUCKS 2WD,CHEVROLET,S10 PICKUP 2WD,2.2,4,Auto(L4),R,19,26,22,21.2,33,25.2654,R,,,,,,,,,,853,,CLKUP
SMALL PICKUP TRUCKS 2WD,CHEVROLET,S10 PICKUP 2WD,2.2,4,Manual(M5),R,22,28,25,24.9,36.1,28.9404,R,,,,,,,,,,750,,SIL
SMALL PICKUP TRUCKS 2WD,CHEVROLET,S10 PICKUP 2WD,4.3,6,Auto(L4),R,17,22,19,18.4132,27.8274,21.7198,R,,,,,,,,,,986,,CLKUP
SMALL PICKUP TRUCKS 2WD,CHEVROLET,S10 PICKUP 2WD,4.3,6,Manual(M5),R,17,23,20,19.423,29.7231,23.0114,R,,,,,,,,,,938,,SIL
SMALL PICKUP TRUCKS 2WD,GMC,SONOMA 2WD,2.2,4,Auto(L4),R,19,26,22,21.2,33,25.2654,R,,,,,,,,,,853,,CLKUP
SMALL PICKUP TRUCKS 2WD,GMC,SONOMA 2WD,2.2,4,Manual(M5),R,22,28,25,24.9,36.1,28.9404,R,,,,,,,,,,750,,SIL
SMALL PICKUP TRUCKS 2WD,GMC,SONOMA 2WD,4.3,6,Auto(L4),R,17,22,19,18.3947,27.8086,21.7004,R,,,,,,,,,,986,,CLKUP
SMALL PICKUP TRUCKS 2WD,GMC,SONOMA 2WD,4.3,6,Manual(M5),R,17,23,20,19.423,29.7231,23.0114,R,,,,,,,,,,938,,SIL
SMALL PICKUP TRUCKS 2WD,ISUZU,HOMBRE PICKUP 2WD,2.2,4,Auto(L4),R,19,26,22,21.2,33,25.2654,R,,,,,,,,,,853,,CLKUP
SMALL PICKUP TRUCKS 2WD,ISUZU,HOMBRE PICKUP 2WD,2.2,4,Manual(M5),R,22,28,25,24.9,36.1,28.9404,R,,,,,,,,,,750,,SIL
SMALL PICKUP TRUCKS 2WD,ISUZU,HOMBRE PICKUP 2WD,4.3,6,Auto(L4),R,17,22,19,18.4519,27.8665,21.7601,R,,,,,,,,,,986,,CLKUP
SMALL PICKUP TRUCKS 2WD,ISUZU,HOMBRE PICKUP 2WD,4.3,6,Manual(M5),R,17,23,20,19.416,29.716,23.004,R,,,,,,,,,,938,,SIL
SMALL PICKUP TRUCKS 2WD,TOYOTA,TOYOTA TACOMA 2WD,2.4,4,Auto(A4),R,21,24,23,23.6598,31.129,26.5237,R,,,,,,,,,,816,,
SMALL PICKUP TRUCKS 2WD,TOYOTA,TOYOTA TACOMA 2WD,2.4,4,Manual(M5),R,22,27,24,24.3774,34.2946,28.0242,R,,,,,,,,,,782,,
SMALL PICKUP TRUCKS 2WD,TOYOTA,TOYOTA TACOMA 2WD,2.7,4,Auto(L4),R,20,24,21,21.8568,30.2426,24.9728,R,,,,,,,,,,892,,2MODE CLKUP
SMALL PICKUP TRUCKS 2WD,TOYOTA,TOYOTA TACOMA 2WD,3.4,6,Auto(L4),R,19,23,21,20.7,30.0945,24.0831,R,,,,,,,,,,892,,2MODE CLKUP
SMALL PICKUP TRUCKS 2WD,TOYOTA,TOYOTA TACOMA 2WD,3.4,6,Auto(L4),R,18,23,20,20.4569,29.4201,23.7071,R,,,,,,,,,,938,,2MODE CLKUP
SMALL PICKUP TRUCKS 2WD,TOYOTA,TOYOTA TACOMA 2WD,3.4,6,Manual(M5),R,19,23,21,21.3868,29.9789,24.5536,R,,,,,,,,,,892,,
STANDARD PICKUP TRUCKS 2WD,CHEVROLET,C1500 PICKUP 2WD,4.3,6,Auto(L4),R,16,20,17,17.5121,25.6846,20.4386,R,,,,,,,,,,1102,,CLKUP
STANDARD PICKUP TRUCKS 2WD,CHEVROLET,C1500 PICKUP 2WD,4.3,6,Manual(M5),R,17,23,19,19.2977,29.1827,22.7682,R,,,,,,,,,,986,,SIL
STANDARD PICKUP TRUCKS 2WD,CHEVROLET,C1500 PICKUP 2WD,5.0,8,Auto(L4),R,15,20,17,16.7171,25.4669,19.7744,R,,,,,,,,,,1102,,CLKUP
STANDARD PICKUP TRUCKS 2WD,CHEVROLET,C1500 PICKUP 2WD,5.0,8,Manual(M5),R,15,20,17,16.3727,25.4465,19.5021,R,,,,,,,,,,1102,,SIL
STANDARD PICKUP TRUCKS 2WD,CHEVROLET,C1500 PICKUP 2WD,5.7,8,Auto(L4),R,14,19,16,15.6326,23.7482,18.4734,R,,,,,,,,,,1172,,CLKUP
STANDARD PICKUP TRUCKS 2WD,CHEVROLET,C1500 PICKUP 2WD,5.7,8,Manual(M5),R,14,19,16,15.0622,24.6472,18.2573,R,,,,,,,,,,1172,,SIL
STANDARD PICKUP TRUCKS 2WD,CHEVROLET,C2500 PICKUP 2WD,5.0,8,Auto(L4),R,15,20,17,16.6786,25.3433,19.7112,R,,,,,,,,,,1102,,CLKUP
STANDARD PICKUP TRUCKS 2WD,CHEVROLET,C2500 PICKUP 2WD,5.0,8,Manual(M5),R,14,19,16,15.6932,24.1297,18.6233,R,,,,,,,,,,1172,,SIL
STANDARD PICKUP TRUCKS 2WD,CHEVROLET,C2500 PICKUP 2WD,5.7,8,Auto(L4),R,14,18,16,15.4954,23.643,18.3393,R,,,,,,,,,,1172,,CLKUP
STANDARD PICKUP TRUCKS 2WD,CHEVROLET,C2500 PICKUP 2WD,5.7,8,Manual(M5),R,14,19,16,15.1486,24.7125,18.3431,R,,,,,,,,,,1172,,SIL
STANDARD PICKUP TRUCKS 2WD,CHEVROLET,C2500 PICKUP 2WD,6.5,8,Auto(L4),R,15,18,16,16.4481,23.053,18.8826,D,,T,,,,,,,,1125,,CLKUP
STANDARD PICKUP TRUCKS 2WD,DODGE,DAKOTA PICKUP 2WD,2.5,4,Manual(M5),R,20,25,22,22.5556,31.9392,25.992,R,,,,,,,,,,853,,SIL
STANDARD PICKUP TRUCKS 2WD,DODGE,DAKOTA PICKUP 2WD,3.9,6,Auto(L4),R,16,21,18,17.9266,26.6042,21.0105,R,,,,,,,,,,1042,,
STANDARD PICKUP TRUCKS 2WD,DODGE,DAKOTA PICKUP 2WD,3.9,6,Manual(M5),R,16,22,18,17.8,28.3,21.3676,R,,,,,,,,,,1042,,SIL
STANDARD PICKUP TRUCKS 2WD,DODGE,DAKOTA PICKUP 2WD,5.9,8,Auto(L4),R,14,18,16,15.4994,23.6474,18.3436,R,,,,,,,,,,1172,,CLKUP
STANDARD PICKUP TRUCKS 2WD,DODGE,DAKOTA PICKUP 2WD,5.9,8,Auto(L4),R,13,18,15,14.3,22.8956,17.207,R,,,,,,,,,,1251,,CLKUP
STANDARD PICKUP TRUCKS 2WD,DODGE,DAKOTA PICKUP 2WD,5.9,8,Manual(M5),R,14,19,16,15.3,24.1,18.3083,R,,,,,,,,,,1172,,SIL
STANDARD PICKUP TRUCKS 2WD,DODGE,RAM 1500 PICKUP 2WD,3.9,6,Auto(L4),R,15,20,17,17.1,25.3,20.0199,R,,,,,,,,,,1102,,
STANDARD PICKUP TRUCKS 2WD,DODGE,RAM 1500 PICKUP 2WD,3.9,6,Manual(M5),R,15,21,17,16.8,27.1,20.2662,R,,,,,,,,,,1102,,
STANDARD PICKUP TRUCKS 2WD,DODGE,RAM 1500 PICKUP 2WD,3.9,6,Manual(M5),R,15,21,17,16.8,27.1,20.2662,R,,,,,,,,,,1102,,SIL
STANDARD PICKUP TRUCKS 2WD,DODGE,RAM 1500 PICKUP 2WD,5.9,8,Auto(L4),R,13,18,15,14.758,23.6577,17.7655,R,,,,,,,,,,1251,,CLKUP
STANDARD PICKUP TRUCKS 2WD,DODGE,RAM 1500 PICKUP 2WD,5.9,8,Auto(L4),R,12,18,14,13.7677,22.5909,16.7034,R,,,,,,,,,,1339,,CLKUP
STANDARD PICKUP TRUCKS 2WD,DODGE,RAM 1500 PICKUP 2WD,5.9,8,Manual(M5),R,13,18,15,14.9222,23.3224,17.8087,R,,,,,,,,,,1251,,SIL
STANDARD PICKUP TRUCKS 2WD,FORD,F150 PICKUP 2WD,4.2,6,Auto(L4),R,16,21,18,18.0852,26.5288,21.1085,R,,,,,,,,,,1042,,CLKUP
STANDARD PICKUP TRUCKS 2WD,FORD,F150 PICKUP 2WD,4.2,6,Manual(M5),R,15,20,17,16.7768,25.4079,19.8041,R,,,,,,,,,,1102,,
STANDARD PICKUP TRUCKS 2WD,FORD,F150 PICKUP 2WD,4.6,8,Auto(L4),R,15,20,17,16.7195,25.4224,19.7641,R,,,,,,,,,,1102,,CLKUP
STANDARD PICKUP TRUCKS 2WD,FORD,F150 PICKUP 2WD,4.6,8,Manual(M5),R,15,19,16,16.5498,23.8474,19.1927,R,,,,,,,,,,1172,,
STANDARD PICKUP TRUCKS 2WD,FORD,F150 PICKUP 2WD,5.4,8,Auto(L4),R,14,18,15,15.4878,22.9591,18.1449,R,,,,,,,,,,1251,,CLKUP
STANDARD PICKUP TRUCKS 2WD,FORD,F250 PICKUP 2WD,4.6,8,Auto(L4),R,14,19,16,15.6558,24.709,18.7467,R,,,,,,,,,,1172,,CLKUP
STANDARD PICKUP TRUCKS 2WD,FORD,F250 PICKUP 2WD,4.6,8,Manual(M5),R,15,18,16,16.1116,23.2519,18.695,R,,,,,,,,,,1172,,
STANDARD PICKUP TRUCKS 2WD,FORD,F250 PICKUP 2WD,5.4,8,Auto(L4),R,13,18,15,14.3352,22.5112,17.1359,R,,,,,,,,,,1251,,CLKUP
STANDARD PICKUP TRUCKS 2WD,FORD,F250 PICKUP 2WD,5.4,8,Auto(L4),R,11,15,13,12,19,15,C,,,,,,,,,,1251,,CLKUP
STANDARD PICKUP TRUCKS 2WD,FORD,RANGER PICKUP 2WD,2.5,4,Auto(L4),R,20,25,22,22.5049,31.8253,25.9209,R,,,,,,,,,,853,,CLKUP
STANDARD PICKUP TRUCKS 2WD,FORD,RANGER PICKUP 2WD,2.5,4,Manual(M5),R,22,27,24,24.3917,34.1366,27.9868,R,,,,,,,,,,782,,
STANDARD PICKUP TRUCKS 2WD,FORD,RANGER PICKUP 2WD,3.0,6,Auto(L4),R,17,22,19,18.5626,28.7879,22.0941,R,,,,,,,,,,986,,CLKUP
STANDARD PICKUP TRUCKS 2WD,FORD,RANGER PICKUP 2WD,3.0,6,Manual(M5),R,17,23,19,18.815,28.854,22.3076,R,,,,,,,,,,986,,
STANDARD PICKUP TRUCKS 2WD,FORD,RANGER PICKUP 2WD,4.0,6,Auto(L5),R,16,21,18,18.2,27.192,21.3818,R,,,,,,,,,,1042,,CLKUP
STANDARD PICKUP TRUCKS 2WD,FORD,RANGER PICKUP 2WD,4.0,6,Manual(M5),R,17,21,19,18.7504,27.521,21.8896,R,,,,,,,,,,986,,
STANDARD PICKUP TRUCKS 2WD,GMC,C1500 SIERRA 2WD,4.3,6,Auto(L4),R,16,20,17,17.5112,25.6801,20.4366,R,,,,,,,,,,1102,,CLKUP
STANDARD PICKUP TRUCKS 2WD,GMC,C1500 SIERRA 2WD,4.3,6,Manual(M5),R,17,23,19,19.3168,29.2781,22.8089,R,,,,,,,,,,986,,SIL
STANDARD PICKUP TRUCKS 2WD,GMC,C1500 SIERRA 2WD,5.0,8,Auto(L4),R,15,20,17,16.7417,25.5462,19.8149,R,,,,,,,,,,1102,,CLKUP
STANDARD PICKUP TRUCKS 2WD,GMC,C1500 SIERRA 2WD,5.0,8,Manual(M5),R,15,20,17,16.3725,25.4461,19.5018,R,,,,,,,,,,1102,,SIL
STANDARD PICKUP TRUCKS 2WD,GMC,C1500 SIERRA 2WD,5.7,8,Auto(L4),R,14,19,16,15.6148,23.7346,18.456,R,,,,,,,,,,1172,,CLKUP
STANDARD PICKUP TRUCKS 2WD,GMC,C1500 SIERRA 2WD,5.7,8,Manual(M5),R,14,19,16,15.0037,24.6028,18.199,R,,,,,,,,,,1172,,SIL
STANDARD PICKUP TRUCKS 2WD,GMC,C2500 SIERRA 2WD,5.0,8,Auto(L4),R,15,20,17,16.6571,25.2746,19.6759,R,,,,,,,,,,1102,,CLKUP
STANDARD PICKUP TRUCKS 2WD,GMC,C2500 SIERRA 2WD,5.0,8,Manual(M5),R,14,19,16,15.6846,24.1133,18.6122,R,,,,,,,,,,1172,,SIL
STANDARD PICKUP TRUCKS 2WD,GMC,C2500 SIERRA 2WD,5.7,8,Auto(L4),R,14,18,16,15.5071,23.652,18.3508,R,,,,,,,,,,1172,,CLKUP
STANDARD PICKUP TRUCKS 2WD,GMC,C2500 SIERRA 2WD,5.7,8,Manual(M5),R,14,19,16,15.1611,24.7219,18.3555,R,,,,,,,,,,1172,,SIL
STANDARD PICKUP TRUCKS 2WD,GMC,C2500 SIERRA 2WD,6.5,8,Auto(L4),R,15,18,16,16.488,23.1808,18.9501,D,,T,,,,,,,,1125,,CLKUP
STANDARD PICKUP TRUCKS 2WD,MAZDA,B2000 2WD,2.5,4,Auto(L4),R,20,25,22,22.5049,31.8253,25.9209,R,,,,,,,,,,853,,CLKUP
STANDARD PICKUP TRUCKS 2WD,MAZDA,B2000 2WD,2.5,4,Manual(M5),R,22,27,24,24.3917,34.1366,27.9868,R,,,,,,,,,,782,,
STANDARD PICKUP TRUCKS 2WD,MAZDA,B2000 2WD,3.0,6,Auto(L4),R,17,22,19,18.5626,28.7879,22.0941,R,,,,,,,,,,986,,CLKUP
STANDARD PICKUP TRUCKS 2WD,MAZDA,B2000 2WD,3.0,6,Manual(M5),R,17,23,19,18.815,28.854,22.3076,R,,,,,,,,,,986,,
STANDARD PICKUP TRUCKS 2WD,MAZDA,B2000 2WD,4.0,6,Auto(L5),R,16,21,18,18.2,27.1124,21.3596,R,,,,,,,,,,1042,,CLKUP
STANDARD PICKUP TRUCKS 2WD,MAZDA,B2000 2WD,4.0,6,Manual(M5),R,17,21,19,18.8896,27.5322,21.9969,R,,,,,,,,,,986,,
STANDARD PICKUP TRUCKS 2WD,NISSAN,FRONTIER TRUCK 2WD,2.4,4,Auto(L4),R,20,24,21,21.8214,30.4539,25.0119,R,,,,,,,,,,892,,
STANDARD PICKUP TRUCKS 2WD,NISSAN,FRONTIER TRUCK 2WD,2.4,4,Manual(M5),R,22,26,24,24.8989,33.9599,28.2964,R,,,,,,,,,,782,,
STANDARD PICKUP TRUCKS 2WD,TOYOTA,TOYOTA T100 2WD,2.7,4,Auto(L4),R,20,23,21,21.8,29.6,24.7328,R,,,,,,,,,,892,,CLKUP
STANDARD PICKUP TRUCKS 2WD,TOYOTA,TOYOTA T100 2WD,2.7,4,Manual(M5),R,19,24,21,21.44,30.3165,24.6936,R,,,,,,,,,,892,,
STANDARD PICKUP TRUCKS 2WD,TOYOTA,TOYOTA T100 2WD,3.4,6,Auto(L4),R,17,20,18,19.2989,25.5979,21.7021,R,,,,,,,,,,1042,,CLKUP
STANDARD PICKUP TRUCKS 2WD,TOYOTA,TOYOTA T100 2WD,3.4,6,Manual(M5),R,17,20,18,18.8428,25.7725,21.4365,R,,,,,,,,,,1042,,
STANDARD PICKUP TRUCKS 4WD,CHEVROLET,K1500 PICKUP 4WD,4.3,6,Auto(L4),4,15,20,17,17.181,25.0618,20.0129,R,,,,,,,,,,1102,,CLKUP
STANDARD PICKUP TRUCKS 4WD,CHEVROLET,K1500 PICKUP 4WD,4.3,6,Manual(M5),4,16,20,17,17.4317,26.0009,20.4671,R,,,,,,,,,,1102,,SIL
STANDARD PICKUP TRUCKS 4WD,CHEVROLET,K1500 PICKUP 4WD,5.0,8,Auto(L4),4,14,18,15,15.3101,22.8145,17.97,R,,,,,,,,,,1251,,CLKUP
STANDARD PICKUP TRUCKS 4WD,CHEVROLET,K1500 PICKUP 4WD,5.0,8,Manual(M5),4,13,18,15,14.8218,23.4449,17.7616,R,,,,,,,,,,1251,,SIL
STANDARD PICKUP TRUCKS 4WD,CHEVROLET,K1500 PICKUP 4WD,5.7,8,Auto(L4),4,13,17,15,14.5905,21.4909,17.0547,R,,,,,,,,,,1251,,CLKUP
STANDARD PICKUP TRUCKS 4WD,CHEVROLET,K1500 PICKUP 4WD,5.7,8,Manual(M5),4,12,17,14,13.793,21.7932,16.5224,R,,,,,,,,,,1339,,SIL
STANDARD PICKUP TRUCKS 4WD,CHEVROLET,K1500 PICKUP 4WD,6.5,8,Auto(L4),4,15,19,16,16.1374,24.0823,18.9507,D,,T,,,,,,,,1125,,CLKUP
STANDARD PICKUP TRUCKS 4WD,CHEVROLET,S10 PICKUP 4WD,4.3,6,Auto(L4),4,16,21,18,17.8298,26.4303,20.8885,R,,,,,,,,,,1042,,CLKUP
STANDARD PICKUP TRUCKS 4WD,CHEVROLET,S10 PICKUP 4WD,4.3,6,Manual(M5),4,17,22,19,18.7,28.2,22.0414,R,,,,,,,,,,986,,SIL
STANDARD PICKUP TRUCKS 4WD,DODGE,DAKOTA PICKUP 4WD,3.9,6,Auto(L4),4,15,18,16,16.4536,23.3297,18.9695,R,,,,,,,,,,1172,,
STANDARD PICKUP TRUCKS 4WD,DODGE,DAKOTA PICKUP 4WD,3.9,6,Manual(M5),4,15,19,17,17.1316,24.8469,19.9143,R,,,,,,,,,,1102,,SIL
STANDARD PICKUP TRUCKS 4WD,DODGE,DAKOTA PICKUP 4WD,5.9,8,Auto(L4),4,13,17,15,14.8181,21.6703,17.2764,R,,,,,,,,,,1251,,CLKUP
STANDARD PICKUP TRUCKS 4WD,DODGE,DAKOTA PICKUP 4WD,5.9,8,Manual(M5),4,13,17,15,14.6173,22.1685,17.2635,R,,,,,,,,,,1251,,SIL
STANDARD PICKUP TRUCKS 4WD,DODGE,RAM 1500 PICKUP 4WD,5.9,8,Auto(L4),4,12,16,14,13.8047,21.0925,16.3462,R,,,,,,,,,,1339,,CLKUP
STANDARD PICKUP TRUCKS 4WD,DODGE,RAM 1500 PICKUP 4WD,5.9,8,Auto(L4),4,12,17,14,13.1626,21.249,15.8824,R,,,,,,,,,,1339,,CLKUP
STANDARD PICKUP TRUCKS 4WD,DODGE,RAM 1500 PICKUP 4WD,5.9,8,Manual(M5),4,13,17,15,14.5732,22.3612,17.2818,R,,,,,,,,,,1251,,SIL
STANDARD PICKUP TRUCKS 4WD,FORD,F150 PICKUP 4WD,4.2,6,Auto(L4),4,15,19,17,16.8821,23.7339,19.4028,R,,,,,,,,,,1102,,CLKUP
STANDARD PICKUP TRUCKS 4WD,FORD,F150 PICKUP 4WD,4.2,6,Manual(M5),4,15,18,16,16.5732,23.5327,19.1174,R,,,,,,,,,,1172,,
STANDARD PICKUP TRUCKS 4WD,FORD,F150 PICKUP 4WD,4.6,8,Auto(L4),4,14,18,15,15.1956,22.7667,17.8697,R,,,,,,,,,,1251,,CLKUP
STANDARD PICKUP TRUCKS 4WD,FORD,F150 PICKUP 4WD,4.6,8,Manual(M5),4,14,18,16,15.9173,22.5015,18.3311,R,,,,,,,,,,1172,,
STANDARD PICKUP TRUCKS 4WD,FORD,F150 PICKUP 4WD,5.4,8,Auto(L4),4,12,16,14,13.7019,21.0316,16.2504,R,,,,,,,,,,1339,,CLKUP
STANDARD PICKUP TRUCKS 4WD,FORD,F250 PICKUP 4WD,4.6,8,Auto(L4),4,13,18,15,14.7595,22.5098,17.4656,R,,,,,,,,,,1251,,CLKUP
STANDARD PICKUP TRUCKS 4WD,FORD,F250 PICKUP 4WD,4.6,8,Manual(M5),4,14,17,15,15.407,22.1959,17.8661,R,,,,,,,,,,1251,,
STANDARD PICKUP TRUCKS 4WD,FORD,F250 PICKUP 4WD,5.4,8,Auto(L4),4,12,16,14,13.563,20.9426,16.1189,R,,,,,,,,,,1339,,CLKUP
STANDARD PICKUP TRUCKS 4WD,FORD,RANGER PICKUP 4WD,3.0,6,Auto(L4),4,15,20,17,17.1897,25.8991,20.2549,R,,,,,,,,,,1102,,CLKUP
STANDARD PICKUP TRUCKS 4WD,FORD,RANGER PICKUP 4WD,3.0,6,Manual(M5),4,17,22,19,18.87,28.0399,22.1262,R,,,,,,,,,,986,,
STANDARD PICKUP TRUCKS 4WD,FORD,RANGER PICKUP 4WD,4.0,6,Auto(L5),4,16,20,17,17.6262,25.4802,20.4648,R,,,,,,,,,,1102,,CLKUP
STANDARD PICKUP TRUCKS 4WD,FORD,RANGER PICKUP 4WD,4.0,6,Manual(M5),4,16,20,18,17.8148,25.7352,20.6787,R,,,,,,,,,,1042,,
STANDARD PICKUP TRUCKS 4WD,GMC,K1500 SIERRA 4WD,4.3,6,Auto(L4),4,16,20,17,17.2268,25.4489,20.1574,R,,,,,,,,,,1102,,CLKUP
STANDARD PICKUP TRUCKS 4WD,GMC,K1500 SIERRA 4WD,4.3,6,Manual(M5),4,16,20,17,17.3988,25.9725,20.4343,R,,,,,,,,,,1102,,SIL
STANDARD PICKUP TRUCKS 4WD,GMC,K1500 SIERRA 4WD,5.0,8,Auto(L4),4,14,18,15,15.3099,22.8142,17.9697,R,,,,,,,,,,1251,,CLKUP
STANDARD PICKUP TRUCKS 4WD,GMC,K1500 SIERRA 4WD,5.0,8,Manual(M5),4,13,18,15,14.819,23.4437,17.7591,R,,,,,,,,,,1251,,SIL
STANDARD PICKUP TRUCKS 4WD,GMC,K1500 SIERRA 4WD,5.7,8,Auto(L4),4,13,17,15,14.5905,21.4909,17.0547,R,,,,,,,,,,1251,,CLKUP
STANDARD PICKUP TRUCKS 4WD,GMC,K1500 SIERRA 4WD,5.7,8,Manual(M5),4,12,17,14,13.7939,21.7947,16.5236,R,,,,,,,,,,1339,,SIL
STANDARD PICKUP TRUCKS 4WD,GMC,K1500 SIERRA 4WD,6.5,8,Auto(L4),4,15,19,16,16.1374,24.0823,18.9507,D,,T,,,,,,,,1125,,CLKUP
STANDARD PICKUP TRUCKS 4WD,GMC,SONOMA 4WD,4.3,6,Auto(L4),4,16,21,18,17.8298,26.4303,20.8885,R,,,,,,,,,,1042,,CLKUP
STANDARD PICKUP TRUCKS 4WD,GMC,SONOMA 4WD,4.3,6,Manual(M5),4,17,22,19,18.7,28.2,22.0414,R,,,,,,,,,,986,,SIL
STANDARD PICKUP TRUCKS 4WD,ISUZU,HOMBRE PICKUP 4WD,4.3,6,Auto(L4),4,16,21,18,17.8298,26.4303,20.8885,R,,,,,,,,,,1042,,CLKUP
STANDARD PICKUP TRUCKS 4WD,ISUZU,HOMBRE PICKUP 4WD,4.3,6,Manual(M5),4,17,22,19,18.7,28.2,22.0414,R,,,,,,,,,,986,,SIL
STANDARD PICKUP TRUCKS 4WD,MAZDA,B3000 4WD,3.0,6,Auto(L4),4,15,20,17,17.1474,25.8271,20.2028,R,,,,,,,,,,1102,,CLKUP
STANDARD PICKUP TRUCKS 4WD,MAZDA,B3000 4WD,3.0,6,Manual(M5),4,17,22,19,18.8439,27.9877,22.0918,R,,,,,,,,,,986,,
STANDARD PICKUP TRUCKS 4WD,MAZDA,B3000 4WD,4.0,6,Auto(L5),4,16,20,17,17.6262,25.4802,20.4648,R,,,,,,,,,,1102,,CLKUP
STANDARD PICKUP TRUCKS 4WD,MAZDA,B3000 4WD,4.0,6,Manual(M5),4,16,20,18,17.8148,25.7352,20.6787,R,,,,,,,,,,1042,,
STANDARD PICKUP TRUCKS 4WD,NISSAN,FRONTIER TRUCK 4WD,2.4,4,Manual(M5),4,18,21,19,19.5269,26.9298,22.2835,R,,,,,,,,,,986,,
STANDARD PICKUP TRUCKS 4WD,TOYOTA,TOYOTA T100 4WD,3.4,6,Auto(L4),4,16,17,16,17.6254,22.1534,19.4108,R,,,,,,,,,,1172,,CLKUP
STANDARD PICKUP TRUCKS 4WD,TOYOTA,TOYOTA T100 4WD,3.4,6,Manual(M5),4,16,19,17,18.1259,24.2461,20.4486,R,,,,,,,,,,1102,,
STANDARD PICKUP TRUCKS 4WD,TOYOTA,TOYOTA TACOMA 4WD,2.7,4,Auto(L4),4,18,21,19,20.1123,27.1947,22.7823,R,,,,,,,,,,986,,2MODE 2LKUP
STANDARD PICKUP TRUCKS 4WD,TOYOTA,TOYOTA TACOMA 4WD,2.7,4,Manual(M5),4,17,21,19,19.3421,27.0124,22.1757,R,,,,,,,,,,986,,
STANDARD PICKUP TRUCKS 4WD,TOYOTA,TOYOTA TACOMA 4WD,3.4,6,Auto(L4),4,17,20,18,18.6,25,21.0217,R,,,,,,,,,,1042,,2MODE 2LKUP
STANDARD PICKUP TRUCKS 4WD,TOYOTA,TOYOTA TACOMA 4WD,3.4,6,Manual(M5),4,16,19,17,18.1259,24.2461,20.4486,R,,,,,,,,,,1102,,
"VANS, CARGO TYPE",CHEVROLET,ASTRO 2WD (CARGO),4.3,6,Auto(L4),R,16,21,18,17.8,27.2,21.0779,R,,,,,,,,,,1042,,CLKUP
"VANS, CARGO TYPE",CHEVROLET,ASTRO AWD (CARGO),4.3,6,Auto(L4),4,16,20,17,17.2626,25.7585,20.2713,R,,,,,,,,,,1102,,CLKUP
"VANS, CARGO TYPE",CHEVROLET,G1500/G2500 CHEVY VAN 2WD,4.3,6,Auto(L4),R,15,19,16,16.5971,24.198,19.3294,R,,,,,,,,,,1172,,CLKUP
"VANS, CARGO TYPE",CHEVROLET,G1500/G2500 CHEVY VAN 2WD,5.0,8,Auto(L4),R,15,20,17,16.5814,25.0368,19.5529,R,,,,,,,,,,1102,,CLKUP
"VANS, CARGO TYPE",CHEVROLET,G1500/G2500 CHEVY VAN 2WD,5.7,8,Auto(L4),R,14,18,16,15.4779,23.6271,18.3215,R,,,,,,,,,,1172,,CLKUP
"VANS, CARGO TYPE",DODGE,B1500 VAN 2WD,3.9,6,Auto(L3),R,15,17,16,16.5295,21.5941,18.4799,R,,,,,,,,,,1172,,
"VANS, CARGO TYPE",DODGE,B1500 VAN 2WD,5.9,8,Auto(L4),R,14,19,15,15.088,23.7953,18.0622,R,,,,,,,,,,1251,,CLKUP
"VANS, CARGO TYPE",DODGE,B1500 VAN 2WD,5.9,8,Auto(L4),R,13,18,15,14.2252,23.2009,17.2237,R,,,,,,,,,,1251,,CLKUP
"VANS, CARGO TYPE",DODGE,B2500 VAN 2WD,5.9,8,Auto(L4),R,13,18,15,14.6,23.6,17.6246,R,,,,,,,,,,1251,,CLKUP
"VANS, CARGO TYPE",DODGE,B2500 VAN 2WD,5.9,8,Auto(L4),R,12,18,14,13.7,22.5,16.6262,R,,,,,,,,,,1339,,CLKUP
"VANS, CARGO TYPE",FORD,E150 ECONOLINE 2WD,4.2,6,Auto(L4),R,15,19,17,16.5675,24.9686,19.5235,R,,,,,,,,,,1102,,CLKUP
"VANS, CARGO TYPE",FORD,E150 ECONOLINE 2WD,4.6,8,Auto(L4),R,14,19,16,15.5,24.6,18.5955,R,,,,,,,,,,1172,,CLKUP
"VANS, CARGO TYPE",FORD,E150 ECONOLINE 2WD,5.4,8,Auto(L4),R,13,18,15,14.3352,22.5112,17.1359,R,,,,,,,,,,1251,,CLKUP
"VANS, CARGO TYPE",FORD,E250 ECONOLINE 2WD,4.2,6,Auto(L4),R,14,19,16,15.8505,23.9755,18.7026,R,,,,,,,,,,1172,,CLKUP
"VANS, CARGO TYPE",FORD,E250 ECONOLINE 2WD,5.4,8,Auto(L4),R,13,17,14,14.2909,21.9718,16.9587,R,,,,,,,,,,1339,,CLKUP
"VANS, CARGO TYPE",FORD,E250 ECONOLINE 2WD,5.4,8,Auto(L4),R,11,14,12,13,18,15,C,,,,,,,,,,1339,,CLKUP
"VANS, CARGO TYPE",GMC,G1500/G2500 SAVANA 2WD CARGO,4.3,6,Auto(L4),R,15,19,16,16.5968,24.1978,19.3291,R,,,,,,,,,,1172,,CLKUP
"VANS, CARGO TYPE",GMC,G1500/G2500 SAVANA 2WD CARGO,5.0,8,Auto(L4),R,15,20,17,16.5813,25.0365,19.5527,R,,,,,,,,,,1102,,CLKUP
"VANS, CARGO TYPE",GMC,G1500/G2500 SAVANA 2WD CARGO,5.7,8,Auto(L4),R,14,18,16,15.4732,23.6216,18.3164,R,,,,,,,,,,1172,,CLKUP
"VANS, CARGO TYPE",GMC,SAFARI 2WD (CARGO),4.3,6,Auto(L4),R,16,21,18,17.8,27.2,21.0779,R,,,,,,,,,,1042,,CLKUP
"VANS, CARGO TYPE",GMC,SAFARI AWD (CARGO),4.3,6,Auto(L4),4,16,20,17,17.2626,25.7585,20.2713,R,,,,,,,,,,1102,,CLKUP
"VANS, PASSENGER TYPE",CHEVROLET,ASTRO 2WD (PASSENGER),4.3,6,Auto(L4),R,16,20,17,17.4094,25.1729,20.2149,R,,,,,,,,,,1102,,CLKUP
"VANS, PASSENGER TYPE",CHEVROLET,ASTRO AWD (PASSENGER),4.3,6,Auto(L4),4,15,19,17,17.1712,24.9797,19.982,R,,,,,,,,,,1102,,CLKUP
"VANS, PASSENGER TYPE",CHEVROLET,G1500/G2500 CHEVY EXPRESS 2W,4.3,6,Auto(L4),R,15,19,16,16.1932,23.9223,18.9481,R,,,,,,,,,,1172,,CLKUP
"VANS, PASSENGER TYPE",CHEVROLET,G1500/G2500 CHEVY EXPRESS 2W,5.0,8,Auto(L4),R,14,18,15,15.5444,22.4766,18.0495,R,,,,,,,,,,1251,,CLKUP
"VANS, PASSENGER TYPE",CHEVROLET,G1500/G2500 CHEVY EXPRESS 2W,5.7,8,Auto(L4),R,14,18,15,15.0918,23.1742,17.9013,R,,,,,,,,,,1251,,CLKUP
"VANS, PASSENGER TYPE",DODGE,B1500 WAGON 2WD,3.9,6,Auto(L3),R,15,17,16,16.5295,21.5941,18.4799,R,,,,,,,,,,1172,,
"VANS, PASSENGER TYPE",DODGE,B1500 WAGON 2WD,5.9,8,Auto(L4),R,13,18,15,14.6,23.6,17.6246,R,,,,,,,,,,1251,,CLKUP
"VANS, PASSENGER TYPE",DODGE,B2500 WAGON 2WD,5.9,8,Auto(L4),R,13,18,15,14.3,23.3,17.3086,R,,,,,,,,,,1251,,CLKUP
"VANS, PASSENGER TYPE",DODGE,B2500 WAGON 2WD,5.9,8,Auto(L4),R,12,18,14,13.7,22.5,16.6262,R,,,,,,,,,,1339,,CLKUP
"VANS, PASSENGER TYPE",FORD,E150 CLUB WAGON,4.2,6,Auto(L4),R,14,18,15,15.0807,22.9011,17.8189,R,,,,,,,,,,1251,,CLKUP
"VANS, PASSENGER TYPE",FORD,E150 CLUB WAGON,4.6,8,Auto(L4),R,14,19,16,15.4069,23.8416,18.3242,R,,,,,,,,,,1172,,CLKUP
"VANS, PASSENGER TYPE",FORD,E150 CLUB WAGON,5.4,8,Auto(L4),R,12,17,14,13.8,22.1,16.6066,R,,,,,,,,,,1339,,CLKUP
"VANS, PASSENGER TYPE",GMC,G1500/G2500 SAVANA 2WD PASSE,4.3,6,Auto(L4),R,15,19,16,16.1932,23.9223,18.9481,R,,,,,,,,,,1172,,CLKUP
"VANS, PASSENGER TYPE",GMC,G1500/G2500 SAVANA 2WD PASSE,5.0,8,Auto(L4),R,14,18,15,15.5444,22.4766,18.0495,R,,,,,,,,,,1251,,CLKUP
"VANS, PASSENGER TYPE",GMC,G1500/G2500 SAVANA 2WD PASSE,5.7,8,Auto(L4),R,14,18,15,15.0918,23.1742,17.9013,R,,,,,,,,,,1251,,CLKUP
"VANS, PASSENGER TYPE",GMC,SAFARI 2WD (PASSENGER),4.3,6,Auto(L4),R,16,20,17,17.4094,25.1729,20.2149,R,,,,,,,,,,1102,,CLKUP
"VANS, PASSENGER TYPE",GMC,SAFARI AWD (PASSENGER),4.3,6,Auto(L4),4,15,19,17,17.1569,24.8615,19.9373,R,,,,,,,,,,1102,,CLKUP
SPECIAL PURPOSE VEHICLE 2WD,CHEVROLET,BLAZER 2WD,4.3,6,Auto(L4),R,16,21,18,17.8,27.2,21.0779,R,,,,,,,,,,1042,,CLKUP
SPECIAL PURPOSE VEHICLE 2WD,CHEVROLET,BLAZER 2WD,4.3,6,Manual(M5),R,17,23,20,19.4,29.7,22.9874,R,,,,,,,,,,938,,SIL
SPECIAL PURPOSE VEHICLE 2WD,CHEVROLET,C1500 SUBURBAN 2WD,5.7,8,Auto(L4),R,14,18,15,15.0918,23.1742,17.9013,R,,,,,,,,,,1251,,CLKUP
SPECIAL PURPOSE VEHICLE 2WD,CHEVROLET,C1500 TAHOE 2WD,5.7,8,Auto(L4),R,14,18,16,15.4847,23.6347,18.3288,R,,,,,,,,,,1172,,CLKUP
SPECIAL PURPOSE VEHICLE 2WD,CHEVROLET,C1500 TAHOE 2WD,5.7,8,Auto(L4),R,13,17,15,14.9,22.3,17.5156,R,,,,,,,,,,1251,,CLKUP
SPECIAL PURPOSE VEHICLE 2WD,CHEVROLET,TRACKER 2WD CONVERTIBLE,1.6,4,Auto(L3),R,23,24,24,25.6,31.4,27.9208,R,,,,,,,,,,782,,
SPECIAL PURPOSE VEHICLE 2WD,CHEVROLET,TRACKER 2WD CONVERTIBLE,1.6,4,Manual(M5),R,24,26,25,26.3,33,28.9445,R,,,,,,,,,,750,,
SPECIAL PURPOSE VEHICLE 2WD,CHEVROLET,TRACKER 2WD HARDTOP,1.6,4,Auto(L4),R,22,26,23,24.2806,33.122,27.5954,R,,,,,,,,,,816,,2MODE 2LKUP
SPECIAL PURPOSE VEHICLE 2WD,CHEVROLET,TRACKER 2WD HARDTOP,1.6,4,Manual(M5),R,23,26,24,25.6073,33.3695,28.6011,R,,,,,,,,,,782,,
SPECIAL PURPOSE VEHICLE 2WD,CHEVROLET,VENTURE FWD,3.4,6,Auto(L4),F,18,25,21,20.4,31.5,24.2445,R,,,,,,,,,,892,,CLKUP
SPECIAL PURPOSE VEHICLE 2WD,CHRYSLER,TOWN & COUNTRY 2WD,3.3,6,Auto(L4),F,18,24,20,19.5349,30.8697,23.4016,R,,,,,,,,,,938,,CLKUP
SPECIAL PURPOSE VEHICLE 2WD,CHRYSLER,TOWN & COUNTRY 2WD,3.3,6,Auto(L4),F,18,24,20,19.5496,30.899,23.4208,R,,,,,,,,,,938,,CLKUP
SPECIAL PURPOSE VEHICLE 2WD,CHRYSLER,TOWN & COUNTRY 2WD,3.8,6,Auto(L4),F,17,24,19,18.8995,30.3499,22.7643,R,,,,,,,,,,986,,CLKUP
SPECIAL PURPOSE VEHICLE 2WD,DODGE,CARAVAN 2WD,2.4,4,Auto(L3),F,20,26,22,22.2,33.9,26.2818,R,,,,,,,,,,853,,
SPECIAL PURPOSE VEHICLE 2WD,DODGE,CARAVAN 2WD,3.0,6,Auto(L3),F,19,24,21,20.6,30.7,24.1797,R,,,,,,,,,,892,,
SPECIAL PURPOSE VEHICLE 2WD,DODGE,CARAVAN 2WD,3.0,6,Auto(L4),F,19,26,21,20.6,33.2,24.8427,R,,,,,,,,,,892,,CLKUP
SPECIAL PURPOSE VEHICLE 2WD,DODGE,CARAVAN 2WD,3.3,6,Auto(L4),F,18,24,20,19.7,31.2,23.6173,R,,,,,,,,,,938,,CLKUP
SPECIAL PURPOSE VEHICLE 2WD,DODGE,CARAVAN 2WD,3.3,6,Auto(L4),F,18,24,20,19.7,31.2,23.6173,R,,,,,,,,,,938,,CLKUP
SPECIAL PURPOSE VEHICLE 2WD,DODGE,CARAVAN 2WD,3.8,6,Auto(L4),F,17,24,19,18.8995,30.3499,22.7643,R,,,,,,,,,,986,,CLKUP
,,,,,,,,,,,,,,,,,,,,,,,,,
SPECIAL PURPOSE VEHICLE 2WD,FORD,EXPEDITION 2WD,4.6,8,Auto(L4),R,14,19,16,15.5,24.6,18.5955,R,,,,,,,,,,1172,,CLKUP
SPECIAL PURPOSE VEHICLE 2WD,FORD,EXPEDITION 2WD,5.4,8,Auto(L4),R,13,18,15,14.3352,22.5112,17.1359,R,,,,,,,,,,1251,,CLKUP
SPECIAL PURPOSE VEHICLE 2WD,FORD,EXPLORER 2WD,4.0,6,Auto(L5),R,15,20,17,17.0937,25.9573,20.1973,R,,,,,,,,,,1102,,CLKUP
SPECIAL PURPOSE VEHICLE 2WD,FORD,EXPLORER 2WD,4.0,6,Auto(L5),R,15,20,17,17.1,25.2,19.9916,R,,,,,,,,,,1102,SOHC,CLKUP
SPECIAL PURPOSE VEHICLE 2WD,FORD,EXPLORER 2WD,4.0,6,Manual(M5),R,17,21,19,18.6717,27.4938,21.8228,R,,,,,,,,,,986,,
SPECIAL PURPOSE VEHICLE 2WD,FORD,EXPLORER 2WD,5.0,8,Auto(L4),R,14,19,16,15.3,24.1,18.3083,R,,,,,,,,,,1172,,CLKUP
SPECIAL PURPOSE VEHICLE 2WD,FORD,WINDSTAR FWD VAN,3.0,6,Auto(L4),F,18,25,21,20.245,31.5721,24.1428,R,,,,,,,,,,892,3.0E-F,CLKUP
SPECIAL PURPOSE VEHICLE 2WD,FORD,WINDSTAR FWD VAN,3.8,6,Auto(L4),F,17,24,20,19.3058,30.4246,23.1057,R,,,,,,,,,,938,3.8E-F,CLKUP
SPECIAL PURPOSE VEHICLE 2WD,FORD,WINDSTAR FWD WAGON,3.0,6,Auto(L4),F,18,25,21,20.245,31.5721,24.1428,R,,,,,,,,,,892,3.0E-F,CLKUP
SPECIAL PURPOSE VEHICLE 2WD,FORD,WINDSTAR FWD WAGON,3.8,6,Auto(L4),F,17,24,20,19.3058,30.4246,23.1057,R,,,,,,,,,,938,3.8E-F,CLKUP
SPECIAL PURPOSE VEHICLE 2WD,GMC,C1500 SUBURBAN 2WD,5.7,8,Auto(L4),R,14,18,15,15.0918,23.1742,17.9013,R,,,,,,,,,,1251,,CLKUP
SPECIAL PURPOSE VEHICLE 2WD,GMC,C1500 YUKON 2WD,5.7,8,Auto(L4),R,14,18,16,15.4837,23.6339,18.3278,R,,,,,,,,,,1172,,CLKUP
SPECIAL PURPOSE VEHICLE 2WD,GMC,C1500 YUKON 2WD,5.7,8,Auto(L4),R,13,17,15,14.9,22.3,17.5156,R,,,,,,,,,,1251,,CLKUP
SPECIAL PURPOSE VEHICLE 2WD,GMC,JIMMY 2WD,4.3,6,Auto(L4),R,16,21,18,17.8,27.2,21.0779,R,,,,,,,,,,1042,,CLKUP
SPECIAL PURPOSE VEHICLE 2WD,GMC,JIMMY 2WD,4.3,6,Manual(M5),R,17,23,20,19.4,29.7,22.9874,R,,,,,,,,,,938,,SIL
SPECIAL PURPOSE VEHICLE 2WD,HONDA,CR-V,2.0,4,Auto(L4),F,22,25,23,24.4,32.3,27.4176,R,,,,,,,,,,816,DOHC,CLKUP
SPECIAL PURPOSE VEHICLE 2WD,HONDA,PASSPORT 2WD,3.2,6,Auto(L4),R,16,20,18,18.2,26.1192,21.0755,R,,,,,,,,,,1042,V-6,2MODE CLKUP
SPECIAL PURPOSE VEHICLE 2WD,HONDA,PASSPORT 2WD,3.2,6,Manual(M5),R,18,20,19,19.6787,26.2787,22.1862,R,,,,,,,,,,986,V-6,SIL
SPECIAL PURPOSE VEHICLE 2WD,ISUZU,AMIGO 2WD,2.2,4,Manual(M5),R,21,24,22,22.8787,31.0068,25.9385,R,,,,,,,,,,853,L-4,SIL
SPECIAL PURPOSE VEHICLE 2WD,ISUZU,RODEO 2WD,2.2,4,Manual(M5),R,21,24,22,22.8545,30.9177,25.8933,R,,,,,,,,,,853,L-4,SIL
SPECIAL PURPOSE VEHICLE 2WD,ISUZU,RODEO 2WD,3.2,6,Auto(L4),R,16,20,18,18.1982,26.1202,21.0745,R,,,,,,,,,,1042,V-6,2MODE CLKUP
SPECIAL PURPOSE VEHICLE 2WD,ISUZU,RODEO 2WD,3.2,6,Manual(M5),R,18,20,19,19.6772,26.2766,22.1845,R,,,,,,,,,,986,V-6,SIL
SPECIAL PURPOSE VEHICLE 2WD,JEEP,CHEROKEE 2WD,2.5,4,Auto(L3),R,18,22,19,19.9,27.6,22.757,R,,,,,,,,,,986,,
SPECIAL PURPOSE VEHICLE 2WD,JEEP,CHEROKEE 2WD,2.5,4,Manual(M5),R,21,25,23,23.2,32.1,26.5072,R,,,,,,,,,,816,,SIL
SPECIAL PURPOSE VEHICLE 2WD,JEEP,CHEROKEE 2WD,4.0,6,Auto(L4),R,16,21,18,17.2343,26.8986,20.5581,R,,,,,,,,,,1042,,
SPECIAL PURPOSE VEHICLE 2WD,JEEP,CHEROKEE 2WD,4.0,6,Manual(M5),R,18,22,19,19.7,28.5986,22.9075,R,,,,,,,,,,938,,SIL
SPECIAL PURPOSE VEHICLE 2WD,JEEP,GRAND CHEROKEE 2WD,4.0,6,Auto(L4),R,16,21,18,17.3777,27.0342,20.7059,R,,,,,,,,,,1042,,
SPECIAL PURPOSE VEHICLE 2WD,JEEP,GRAND CHEROKEE 2WD,5.9,8,Auto(L4),R,14,18,16,15.4994,23.6474,18.3436,R,,,,,,,,,,1172,,CLKUP
SPECIAL PURPOSE VEHICLE 2WD,KIA,KIA SPORTAGE,2.0,4,Auto(L4),R,19,23,21,21.4499,29.2969,24.3896,R,,,,,,,,,,892,,2MODE CLKUP
SPECIAL PURPOSE VEHICLE 2WD,KIA,KIA SPORTAGE,2.0,4,Manual(M5),R,19,23,21,21.6,29,24.402,R,,,,,,,,,,892,,
SPECIAL PURPOSE VEHICLE 2WD,LINCOLN,NAVIGATOR 2WD,5.4,8,Auto(L4),R,13,17,14,14.2909,21.9718,16.9587,R,,,,,,,,,,1339,,CLKUP
SPECIAL PURPOSE VEHICLE 2WD,MAZDA,MPV,3.0,6,Auto(L4),R,16,21,18,18.1957,27.5224,21.4697,R,,,,,,,,,,1042,,CLKUP
SPECIAL PURPOSE VEHICLE 2WD,MERCURY,MOUNTAINEER 2WD,4.0,6,Auto(L5),R,15,20,17,17.1,25.2,19.9916,R,,,,,,,,,,1102,SOHC,CLKUP
SPECIAL PURPOSE VEHICLE 2WD,MERCURY,MOUNTAINEER 2WD,5.0,8,Auto(L4),R,14,19,16,15.3,24.1,18.3083,R,,,,,,,,,,1172,,CLKUP
SPECIAL PURPOSE VEHICLE 2WD,MERCURY,VILLAGER FWD VAN,3.0,6,Auto(L4),F,17,23,20,19.2536,29.991,22.9513,R,,,,,,,,,,938,3.0N-F,CLKUP
SPECIAL PURPOSE VEHICLE 2WD,MERCURY,VILLAGER FWD WAGON,3.0,6,Auto(L4),F,17,23,20,19.2536,29.991,22.9513,R,,,,,,,,,,938,3.0N-F,CLKUP
SPECIAL PURPOSE VEHICLE 2WD,MITSUBISHI,MITSUBISHI MONTERO SPORT 2WD,2.4,4,Manual(M5),R,22,25,23,24.6811,31.7941,27.444,R,,,,,,,,,,816,SOHC,
SPECIAL PURPOSE VEHICLE 2WD,MITSUBISHI,MITSUBISHI MONTERO SPORT 2WD,3.0,6,Auto(L4),R,19,22,20,21.202,27.8706,23.7603,R,,,,,,,,,,938,SOHC,
SPECIAL PURPOSE VEHICLE 2WD,MITSUBISHI,MITSUBISHI NATIVA 2WD,2.4,4,Manual(M5),R,22,25,23,24.6809,31.7928,27.4434,R,,,,,,,,,,816,SOHC,
SPECIAL PURPOSE VEHICLE 2WD,MITSUBISHI,MITSUBISHI NATIVA 2WD,3.0,6,Auto(L4),R,19,22,20,21.202,27.8706,23.7603,R,,,,,,,,,,938,SOHC,
SPECIAL PURPOSE VEHICLE 2WD,NISSAN,PATHFINDER 2WD,3.3,6,Auto(L4),R,16,20,17,17.4,25.4,20.2734,R,,,,,,,,,,1102,,2LKUP
SPECIAL PURPOSE VEHICLE 2WD,NISSAN,PATHFINDER 2WD,3.3,6,Manual(M5),R,17,19,18,18.5,24.7,20.8558,R,,,,,,,,,,1042,,
SPECIAL PURPOSE VEHICLE 2WD,NISSAN,QUEST,3.0,6,Auto(L4),F,17,23,20,19.2861,29.8354,22.9354,R,,,,,,,,,,938,,CLKUP
SPECIAL PURPOSE VEHICLE 2WD,OLDSMOBILE,SILHOUETTE FWD,3.4,6,Auto(L4),F,18,25,21,20.4,31.5,24.2445,R,,,,,,,,,,892,,CLKUP
SPECIAL PURPOSE VEHICLE 2WD,PLYMOUTH,VOYAGER 2WD,2.4,4,Auto(L3),F,20,26,22,22.2,33.9,26.2818,R,,,,,,,,,,853,,
SPECIAL PURPOSE VEHICLE 2WD,PLYMOUTH,VOYAGER 2WD,3.0,6,Auto(L3),F,19,24,21,20.6,30.7,24.1797,R,,,,,,,,,,892,,
SPECIAL PURPOSE VEHICLE 2WD,PLYMOUTH,VOYAGER 2WD,3.0,6,Auto(L4),F,19,26,21,20.6,33.2,24.8427,R,,,,,,,,,,892,,CLKUP
SPECIAL PURPOSE VEHICLE 2WD,PLYMOUTH,VOYAGER 2WD,3.3,6,Auto(L4),F,18,24,20,19.7,31.2,23.6173,R,,,,,,,,,,938,,CLKUP
SPECIAL PURPOSE VEHICLE 2WD,PLYMOUTH,VOYAGER 2WD,3.3,6,Auto(L4),F,18,24,20,19.7,31.2,23.6173,R,,,,,,,,,,938,,CLKUP
SPECIAL PURPOSE VEHICLE 2WD,PONTIAC,TRANS SPORT FWD,3.4,6,Auto(L4),F,18,25,21,20.4,31.5,24.2445,R,,,,,,,,,,892,,CLKUP
SPECIAL PURPOSE VEHICLE 2WD,SUZUKI,SIDEKICK 2DOOR RWD,1.6,4,Auto(L3),R,23,24,24,25.6,31.4,27.9208,R,,,,,,,,,,782,,
SPECIAL PURPOSE VEHICLE 2WD,SUZUKI,SIDEKICK 2DOOR RWD,1.6,4,Manual(M5),R,24,26,25,26.3,33,28.9445,R,,,,,,,,,,750,,
SPECIAL PURPOSE VEHICLE 2WD,SUZUKI,SIDEKICK 4DOOR RWD,1.6,4,Auto(L4),R,22,26,23,24.2806,33.122,27.5954,R,,,,,,,,,,816,,2MODE 2LKUP
SPECIAL PURPOSE VEHICLE 2WD,SUZUKI,SIDEKICK 4DOOR RWD,1.6,4,Manual(M5),R,23,26,24,25.6073,33.3695,28.6011,R,,,,,,,,,,782,,
SPECIAL PURPOSE VEHICLE 2WD,SUZUKI,SIDEKICK SPORT RWD,1.8,4,Auto(L4),R,21,24,23,23.7714,31.1762,26.6161,R,,,,,,,,,,816,,2MODE 2LKUP
SPECIAL PURPOSE VEHICLE 2WD,SUZUKI,SIDEKICK SPORT RWD,1.8,4,Manual(M5),R,23,25,24,25.1,31.8,27.729,R,,,,,,,,,,782,,
SPECIAL PURPOSE VEHICLE 2WD,TOYOTA,4RUNNER 2WD,2.7,4,Auto(L4),R,20,24,22,22,30.8,25.2459,R,,,,,,,,,,853,,2MODE CLKUP
SPECIAL PURPOSE VEHICLE 2WD,TOYOTA,4RUNNER 2WD,2.7,4,Manual(M5),R,19,24,21,21.44,30.3165,24.6936,R,,,,,,,,,,892,,
SPECIAL PURPOSE VEHICLE 2WD,TOYOTA,4RUNNER 2WD,3.4,6,Auto(L4),R,17,21,19,19.3,26.5,21.9884,R,,,,,,,,,,986,,2MODE CLKUP
SPECIAL PURPOSE VEHICLE 2WD,TOYOTA,RAV4 2WD,2.0,4,Auto(L4),F,24,29,26,26.3054,36.781,30.1724,R,,,,,,,,,,722,,2MODE CLKUP
SPECIAL PURPOSE VEHICLE 2WD,TOYOTA,RAV4 2WD,2.0,4,Manual(M5),F,24,29,26,26.848,37.229,30.7002,R,,,,,,,,,,722,,
SPECIAL PURPOSE VEHICLE 2WD,TOYOTA,RAV4 SOFT TOP 2WD,2.0,4,Auto(L4),F,24,29,26,26.3054,36.781,30.1724,R,,,,,,,,,,722,,2MODE CLKUP
SPECIAL PURPOSE VEHICLE 2WD,TOYOTA,RAV4 SOFT TOP 2WD,2.0,4,Manual(M5),F,24,29,26,26.848,37.229,30.7002,R,,,,,,,,,,722,,
SPECIAL PURPOSE VEHICLE 2WD,TOYOTA,SIENNA,3.0,4,Auto(L4),F,18,24,21,20.4576,31.3277,24.2429,R,,,,,,,,,,892,,
SPECIAL PURPOSE VEHICLE 4WD,ACURA,SLX,3.5,6,Auto(L4),4,15,19,17,16.5333,24.481,19.3619,R,,,,,,,,,,1102,V-6,2MODE CLKUP
SPECIAL PURPOSE VEHICLE 4WD,CHEVROLET,BLAZER 4WD,4.3,6,Auto(L4),4,16,20,17,17.345,25.8567,20.3612,R,,,,,,,,,,1102,,CLKUP
SPECIAL PURPOSE VEHICLE 4WD,CHEVROLET,BLAZER 4WD,4.3,6,Manual(M5),4,16,21,18,17.9,26.4,20.9329,R,,,,,,,,,,1042,,SIL
SPECIAL PURPOSE VEHICLE 4WD,CHEVROLET,BLAZER AWD,4.3,6,Auto(L4),4,16,20,17,17.2626,25.7585,20.2713,R,,,,,,,,,,1102,,CLKUP
SPECIAL PURPOSE VEHICLE 4WD,CHEVROLET,K1500 TAHOE 4WD,5.7,8,Auto(L4),4,13,16,14,14.2893,20.8544,16.6477,R,,,,,,,,,,1339,,CLKUP
SPECIAL PURPOSE VEHICLE 4WD,CHEVROLET,K1500 TAHOE 4WD,6.5,8,Auto(L4),4,15,19,16,16.1374,24.0823,18.9507,D,,T,,,,,,,,1125,,CLKUP
SPECIAL PURPOSE VEHICLE 4WD,CHEVROLET,TRACKER 4X4 CONVERTIBLE,1.6,4,Auto(L3),4,23,24,24,25.6,31.4,27.9208,R,,,,,,,,,,782,,
SPECIAL PURPOSE VEHICLE 4WD,CHEVROLET,TRACKER 4X4 CONVERTIBLE,1.6,4,Manual(M5),4,24,26,25,26.3,33,28.9445,R,,,,,,,,,,750,,
SPECIAL PURPOSE VEHICLE 4WD,CHEVROLET,TRACKER 4X4 HARDTOP,1.6,4,Auto(L4),4,22,26,23,24.2785,33.12,27.5933,R,,,,,,,,,,816,,2MODE 2LKUP
SPECIAL PURPOSE VEHICLE 4WD,CHEVROLET,TRACKER 4X4 HARDTOP,1.6,4,Manual(M5),4,23,26,24,25.6042,33.3655,28.5977,R,,,,,,,,,,782,,
SPECIAL PURPOSE VEHICLE 4WD,CHRYSLER,TOWN & COUNTRY AWD,3.8,6,Auto(L4),4,16,23,19,17.6,29.9,21.5982,R,,,,,,,,,,986,,CLKUP
SPECIAL PURPOSE VEHICLE 4WD,DODGE,CARAVAN AWD,3.8,6,Auto(L4),4,16,23,19,17.6,29.9,21.5982,R,,,,,,,,,,986,,CLKUP
SPECIAL PURPOSE VEHICLE 4WD,DODGE,DURANGO 4WD,5.9,8,Auto(L4),4,13,17,14,14.4666,21.4045,16.937,R,,,,,,,,,,1339,,CLKUP
SPECIAL PURPOSE VEHICLE 4WD,DODGE,DURANGO 4WD,5.9,8,Auto(L4),4,12,17,14,13.6,21.7,16.3456,R,,,,,,,,,,1339,,CLKUP
SPECIAL PURPOSE VEHICLE 4WD,FORD,EXPEDITION 4WD,4.6,8,Auto(L4),4,13,18,15,14.6978,22.4727,17.408,R,,,,,,,,,,1251,,CLKUP
SPECIAL PURPOSE VEHICLE 4WD,FORD,EXPEDITION 4WD,5.4,8,Auto(L4),4,12,16,14,13.563,20.9426,16.1189,R,,,,,,,,,,1339,,CLKUP
SPECIAL PURPOSE VEHICLE 4WD,FORD,EXPLORER 4WD,4.0,6,Auto(L5),4,15,19,17,16.5205,24.7789,19.4354,R,,,,,,,,,,1102,,CLKUP
SPECIAL PURPOSE VEHICLE 4WD,FORD,EXPLORER 4WD,4.0,6,Auto(L5),4,15,19,17,16.8405,24.5965,19.6253,R,,,,,,,,,,1102,SOHC,CLKUP
SPECIAL PURPOSE VEHICLE 4WD,FORD,EXPLORER 4WD,4.0,6,Manual(M5),4,16,20,17,17.6249,25.3805,20.4348,R,,,,,,,,,,1102,,
SPECIAL PURPOSE VEHICLE 4WD,FORD,EXPLORER 4WD,5.0,8,Auto(L4),4,14,18,16,15.2486,23.6815,18.1584,R,,,,,,,,,,1172,,CLKUP
SPECIAL PURPOSE VEHICLE 4WD,GMC,JIMMY 4WD,4.3,6,Auto(L4),4,16,20,17,17.3644,25.8797,20.3822,R,,,,,,,,,,1102,,CLKUP
SPECIAL PURPOSE VEHICLE 4WD,GMC,JIMMY 4WD,4.3,6,Manual(M5),4,16,21,18,17.9,26.4,20.9329,R,,,,,,,,,,1042,,SIL
SPECIAL PURPOSE VEHICLE 4WD,GMC,JIMMY AWD,4.3,6,Auto(L4),4,16,20,17,17.2626,25.7585,20.2713,R,,,,,,,,,,1102,,CLKUP
SPECIAL PURPOSE VEHICLE 4WD,GMC,K1500 YUKON 4WD,5.7,8,Auto(L4),4,13,16,14,14.2869,20.8493,16.6444,R,,,,,,,,,,1339,,CLKUP
SPECIAL PURPOSE VEHICLE 4WD,GMC,K1500 YUKON 4WD,6.5,8,Auto(L4),4,15,19,16,16.1374,24.0823,18.9507,D,,T,,,,,,,,1125,,CLKUP
SPECIAL PURPOSE VEHICLE 4WD,HONDA,CR-V,2.0,4,Auto(L4),4,22,25,23,23.9203,31.4414,26.8058,R,,,,,,,,,,816,DOHC,CLKUP
SPECIAL PURPOSE VEHICLE 4WD,HONDA,CR-V,2.0,4,Manual(M5),F,22,25,23,24.011,31.5508,26.9042,R,,,,,,,,,,816,DOHC,
SPECIAL PURPOSE VEHICLE 4WD,HONDA,PASSPORT 4WD,3.2,6,Auto(L4),4,16,20,18,18.2,26.1196,21.0756,R,,,,,,,,,,1042,V-6,2MODE CLKUP
SPECIAL PURPOSE VEHICLE 4WD,HONDA,PASSPORT 4WD,3.2,6,Manual(M5),4,18,20,19,19.6805,26.2806,22.188,R,,,,,,,,,,986,V-6,SIL
SPECIAL PURPOSE VEHICLE 4WD,INFINITI,QX4 4WD,3.3,6,Auto(L4),4,15,19,16,16.6,23.9294,19.2538,R,,,,,,,,,,1172,,2LKUP
SPECIAL PURPOSE VEHICLE 4WD,ISUZU,AMIGO 4WD,2.2,4,Manual(M5),4,20,23,21,22.0022,29.6008,24.8758,R,,,,,,,,,,892,L-4,SIL
SPECIAL PURPOSE VEHICLE 4WD,ISUZU,AMIGO 4WD,3.2,6,Manual(M5),4,18,21,19,19.7,26.3338,22.2187,R,,,,,,,,,,986,V-6,SIL
SPECIAL PURPOSE VEHICLE 4WD,ISUZU,RODEO 4WD,3.2,6,Auto(L4),R,16,20,18,18.2,26.1228,21.0766,R,,,,,,,,,,1042,V-6,2MODE CLKUP
SPECIAL PURPOSE VEHICLE 4WD,ISUZU,RODEO 4WD,3.2,6,Manual(M5),R,18,20,19,19.6745,26.2745,22.1819,R,,,,,,,,,,986,V-6,SIL
SPECIAL PURPOSE VEHICLE 4WD,ISUZU,TROOPER,3.5,6,Auto(L4),4,15,19,17,16.5328,24.4799,19.3612,R,,,,,,,,,,1102,V-6,2MODE CLKUP
SPECIAL PURPOSE VEHICLE 4WD,ISUZU,TROOPER,3.5,6,Manual(M5),4,16,19,17,17.3605,24.3474,19.9348,R,,,,,,,,,,1102,V-6,SIL
SPECIAL PURPOSE VEHICLE 4WD,JEEP,CHEROKEE 4WD,2.5,4,Manual(M5),4,18,20,19,19.7499,25.1475,21.8614,R,,,,,,,,,,986,,SIL
SPECIAL PURPOSE VEHICLE 4WD,JEEP,CHEROKEE 4WD,4.0,6,Auto(L4),4,15,21,17,16.7558,26.247,20.0123,R,,,,,,,,,,1102,,
SPECIAL PURPOSE VEHICLE 4WD,JEEP,CHEROKEE 4WD,4.0,6,Manual(M5),4,17,20,18,18.5065,25.9478,21.2487,R,,,,,,,,,,1042,,SIL
SPECIAL PURPOSE VEHICLE 4WD,JEEP,GRAND CHEROKEE 4WD,4.0,6,Auto(L4),4,15,21,17,16.7413,26.2018,19.9891,R,,,,,,,,,,1102,,
SPECIAL PURPOSE VEHICLE 4WD,JEEP,GRAND CHEROKEE 4WD,5.9,8,Auto(L4),4,14,18,15,15.1,22.8,17.8061,R,,,,,,,,,,1251,,CLKUP
SPECIAL PURPOSE VEHICLE 4WD,JEEP,GRAND CHEROKEE 4WD,5.9,8,Auto(L4),4,13,17,14,13.9484,22.0982,16.7239,P,,,,,,,,,,1499,,CLKUP
SPECIAL PURPOSE VEHICLE 4WD,JEEP,WRANGLER 4WD,2.5,4,Auto(L3),4,16,19,17,18.3327,23.9334,20.4905,R,,,,,,,,,,1102,,
SPECIAL PURPOSE VEHICLE 4WD,JEEP,WRANGLER 4WD,2.5,4,Manual(M5),4,18,20,19,19.7499,25.1475,21.8614,R,,,,,,,,,,986,,SIL
SPECIAL PURPOSE VEHICLE 4WD,JEEP,WRANGLER 4WD,4.0,6,Auto(L3),4,15,17,16,16.2486,22.2888,18.5053,R,,,,,,,,,,1172,,
SPECIAL PURPOSE VEHICLE 4WD,JEEP,WRANGLER 4WD,4.0,6,Manual(M5),4,17,20,18,18.5065,25.9478,21.2487,R,,,,,,,,,,1042,,SIL
SPECIAL PURPOSE VEHICLE 4WD,KIA,KIA SPORTAGE,2.0,4,Auto(L4),4,19,23,21,21.4499,29.2969,24.3896,R,,,,,,,,,,892,,2MODE CLKUP
SPECIAL PURPOSE VEHICLE 4WD,KIA,KIA SPORTAGE,2.0,4,Manual(M5),4,19,23,21,21.6,29,24.402,R,,,,,,,,,,892,,
SPECIAL PURPOSE VEHICLE 4WD,LAND ROVER,LAND ROVER DISCOVERY,4.0,8,Auto(L4),4,14,17,15,15.3,21.8,17.671,P,,,,,,,,,,1401,,
SPECIAL PURPOSE VEHICLE 4WD,LAND ROVER,LAND ROVER DISCOVERY,4.0,8,Manual(M5),4,13,17,14,14.3,21.3,16.7818,P,,,,,,,,,,1499,,
SPECIAL PURPOSE VEHICLE 4WD,LAND ROVER,RANGE ROVER,4.0,8,Auto(L4),4,13,17,14,14.0993,21.2489,16.615,P,,,,,,,,,,1499,,CLKUP
SPECIAL PURPOSE VEHICLE 4WD,LAND ROVER,RANGE ROVER,4.6,8,Auto(L4),4,12,16,14,13.7993,20.5995,16.2069,P,,,,,,,,,,1499,,CLKUP
SPECIAL PURPOSE VEHICLE 4WD,LEXUS,LX 470,4.7,8,Auto(L4),4,13,16,15,14.9,20.9,17.1104,R,,,,,,,,,,1251,,2MODE 2LKUP
SPECIAL PURPOSE VEHICLE 4WD,LINCOLN,NAVIGATOR 4WD,5.4,8,Auto(L4),4,12,16,14,13.3373,20.7922,15.9032,R,,,,,,,,,,1339,,CLKUP
SPECIAL PURPOSE VEHICLE 4WD,MAZDA,MPV 4X4,3.0,6,Auto(L4),4,15,19,16,16.4,24.1,19.1539,R,,,,,,,,,,1172,,CLKUP
SPECIAL PURPOSE VEHICLE 4WD,MERCEDES-BENZ,ML320,3.2,6,Auto(L5),4,17,21,18,18.5,27.3,21.6388,P,,,,105,41,,,,,1168,,EMS CLKUP
SPECIAL PURPOSE VEHICLE 4WD,MERCURY,MOUNTAINEER 4WD,4.0,6,Auto(L5),4,15,19,17,16.8405,24.5965,19.6253,R,,,,,,,,,,1102,SOHC,CLKUP
SPECIAL PURPOSE VEHICLE 4WD,MERCURY,MOUNTAINEER 4WD,5.0,8,Auto(L4),4,14,18,16,15.2486,23.6815,18.1584,R,,,,,,,,,,1172,,CLKUP
SPECIAL PURPOSE VEHICLE 4WD,MITSUBISHI,MITSUBISHI MONTERO,3.0,6,Auto(L4),4,17,20,18,18.3814,25.4421,21.0045,R,,,,,,,,,,1042,SOHC,
SPECIAL PURPOSE VEHICLE 4WD,MITSUBISHI,MITSUBISHI MONTERO,3.0,6,Manual(M5),4,16,18,17,17.3,23.2,19.5357,R,,,,,,,,,,1102,SOHC,
SPECIAL PURPOSE VEHICLE 4WD,MITSUBISHI,MITSUBISHI MONTERO,3.5,6,Auto(L4),4,16,19,17,17.444,24.8678,20.1511,R,,,,,,,,,,1102,SOHC,
SPECIAL PURPOSE VEHICLE 4WD,MITSUBISHI,MITSUBISHI MONTERO SPORT 4WD,3.0,6,Auto(L4),4,18,21,19,20.2052,26.4596,22.6102,R,,,,,,,,,,986,SOHC,
SPECIAL PURPOSE VEHICLE 4WD,MITSUBISHI,MITSUBISHI MONTERO SPORT 4WD,3.0,6,Manual(M5),4,17,20,18,18.959,25.6941,21.4944,R,,,,,,,,,,1042,SOHC,
SPECIAL PURPOSE VEHICLE 4WD,MITSUBISHI,MITSUBISHI NATIVA 4WD,3.0,6,Auto(L4),4,18,21,19,20.3472,26.7049,22.7886,R,,,,,,,,,,986,SOHC,
SPECIAL PURPOSE VEHICLE 4WD,MITSUBISHI,MITSUBISHI NATIVA 4WD,3.0,6,Manual(M5),4,17,20,18,18.959,25.6941,21.4944,R,,,,,,,,,,1042,SOHC,
SPECIAL PURPOSE VEHICLE 4WD,NISSAN,PATHFINDER 4WD,3.3,6,Auto(L4),4,15,19,16,16.7,23.7674,19.2799,R,,,,,,,,,,1172,,2LKUP
SPECIAL PURPOSE VEHICLE 4WD,NISSAN,PATHFINDER 4WD,3.3,6,Manual(M5),4,16,18,17,17.9,22.5,19.7137,R,,,,,,,,,,1102,,
SPECIAL PURPOSE VEHICLE 4WD,OLDSMOBILE,BRAVADA AWD,4.3,6,Auto(L4),4,16,20,17,17.2626,25.7585,20.2713,R,,,,,,,,,,1102,,CLKUP
SPECIAL PURPOSE VEHICLE 4WD,SUBARU,FORESTER AWD,2.5,4,Auto(L4),4,21,26,23,22.9259,33.0954,26.6047,R,,,,,,95,33,,,816,,
SPECIAL PURPOSE VEHICLE 4WD,SUBARU,FORESTER AWD,2.5,4,Manual(M5),4,21,27,23,23.4373,34.3452,27.3454,R,,,,,,95,33,,,816,,
SPECIAL PURPOSE VEHICLE 4WD,SUZUKI,SIDEKICK 2DOOR 4WD,1.6,4,Auto(L3),4,23,24,24,25.6,31.4,27.9208,R,,,,,,,,,,782,,
SPECIAL PURPOSE VEHICLE 4WD,SUZUKI,SIDEKICK 2DOOR 4WD,1.6,4,Manual(M5),4,24,26,25,26.3,33,28.9445,R,,,,,,,,,,750,,
SPECIAL PURPOSE VEHICLE 4WD,SUZUKI,SIDEKICK 4DOOR 4WD,1.6,4,Auto(L4),4,22,26,23,24.2785,33.12,27.5933,R,,,,,,,,,,816,,2MODE 2LKUP
SPECIAL PURPOSE VEHICLE 4WD,SUZUKI,SIDEKICK 4DOOR 4WD,1.6,4,Manual(M5),4,23,26,24,25.6042,33.3655,28.5977,R,,,,,,,,,,782,,
SPECIAL PURPOSE VEHICLE 4WD,SUZUKI,SIDEKICK SPORT 4WD,1.8,4,Auto(L4),4,21,24,23,23.7684,31.1723,26.6128,R,,,,,,,,,,816,,2MODE 2LKUP
SPECIAL PURPOSE VEHICLE 4WD,SUZUKI,SIDEKICK SPORT 4WD,1.8,4,Manual(M5),4,23,25,24,25.1,31.8,27.729,R,,,,,,,,,,782,,
SPECIAL PURPOSE VEHICLE 4WD,TOYOTA,4RUNNER 4WD,2.7,4,Auto(L4),4,19,22,20,20.6699,27.7348,23.346,R,,,,,,,,,,938,,2MODE CLKUP
SPECIAL PURPOSE VEHICLE 4WD,TOYOTA,4RUNNER 4WD,2.7,4,Manual(M5),4,17,21,19,19.0649,27.1321,22.0098,R,,,,,,,,,,986,,
SPECIAL PURPOSE VEHICLE 4WD,TOYOTA,4RUNNER 4WD,3.4,6,Auto(L4),4,17,20,18,18.6,25,21.0217,R,,,,,,,,,,1042,,2MODE 2LKUP
SPECIAL PURPOSE VEHICLE 4WD,TOYOTA,4RUNNER 4WD,3.4,6,Manual(M5),4,16,19,17,18.1259,24.2461,20.4486,R,,,,,,,,,,1102,,
SPECIAL PURPOSE VEHICLE 4WD,TOYOTA,LAND CRUISER WAGON 4WD,4.7,8,Auto(L4),4,14,16,15,15.2,21,17.3573,R,,,,,,,,,,1251,,2MODE 2LKUP
SPECIAL PURPOSE VEHICLE 4WD,TOYOTA,RAV4 4WD,2.0,4,Auto(L4),4,22,26,24,24.2698,33.7984,27.7962,R,,,,,,,,,,782,,2MODE 2LKUP
SPECIAL PURPOSE VEHICLE 4WD,TOYOTA,RAV4 4WD,2.0,4,Manual(M5),4,22,26,24,24.8459,33.2456,28.0332,R,,,,,,,,,,782,,
SPECIAL PURPOSE VEHICLE 4WD,TOYOTA,RAV4 SOFT TOP 4WD,2.0,4,Auto(L4),4,23,26,24,25.1,33.4,28.2602,R,,,,,,,,,,782,,2MODE 2LKUP
SPECIAL PURPOSE VEHICLE 4WD,TOYOTA,RAV4 SOFT TOP 4WD,2.0,4,Manual(M5),4,22,26,24,24.9,33.4,28.1204,R,,,,,,,,,,782,,
